BatchID,THC,CBD,BMyrcene,BCaryophyllene,DLimonene,APinene,BPinene,AHumulene,terpinolene,Camphene,ATerpinene,GTerpinene,ATerpineol,d3Carene,Fenchol,Fenchone,APhellandrene,linalool,Ocimene,CaryophylleneOxide,cisNerolidol,Eucalyptol,Geraniol,Guaiol,Isopulegol,pCymene,transNerolidol,ABisabolol
1,742.30157,2.84148,25.53,3.69,8.93,1.22,2.21,0,4.07,0,0,0,0,0,0,0,0,1.72,1.42,0,0,0,0,0,0,0,0,0
2,720.33272,3.3326,20.93,5.76,21.46,2.97,3.92,0.99,2.68,0,0,0,0,0,0,0,0,1.62,1.93,0,0,0,0,0,0,0,0,0
3,716.89488,20.51303,23.24,3.09,21.54,1.3,2.71,0.71,2.98,0,0,0,0,0,0,0,0,1.87,1.22,0,0,0,0,0,0,0,0,0
4,667.38823,1.71015,21.02,2.96,15.8,2.51,2.39,0,4.01,0,0,0,0,0,0,0,0,1.07,1.6,0,0,0,0,0,0,0,0,0
5,791.22604,1.27,13.8,18.1,8.56,1.03,1.4,5.32,11.75,0,0,0,0,0,0,0,0,2.15,0,0,0,0,0,0,0,0,1.56,0.83
6,831.86329,1.39,20.51,13.55,11.31,0.91,1.3,3.73,2.7,0,0,0,0,0,0,0,0,4.35,0,0,0,0,0,0,0,0,2.34,0
7,805.54565,1.41,3.56,19.83,10.71,0,0.91,5.74,0.97,0,0,0,0,0,0,0,0,3.06,0,0,0,0,0,0,0,0,2.73,0.98
8,815.46091,1.7,6.45,14.27,4.42,0,0,4.33,4.23,0,0,0,0,0,0,0,0,2.47,1.66,0,0,0,0,1.2,0,0,3.39,1.55
9,730.50592,1.754,34.69,4.34,14.71,2.17,3.01,0.93,11.2,0,0,0,0,0,0,0,0,1.33,5.78,0,0,0,0,0,0,0,0,0
10,717.18429,1.56106,46.98,3.12,17.3,3.92,3.62,0,0.99,0,0,0,0,0,0,0,0,1.76,0.72,0,0,0,0,0,0,0,0,0
11,704.02052,1.69261,33.18,3.75,7.58,1.77,2.76,0.83,18.82,0,0.64,0,0,1.13,0,0,0,1.83,7.25,0,0,0,0,0,0,0,0.43,0
12,807.39989,1.5,2.76,22.94,6.07,0,0,7.54,1.18,0,0,0,0,0,0,0,0,2.47,0,0,0,0,0,1.84,0,0,1.79,1.42
13,798.93886,0.93,29.54,13.6,8.99,2.28,1.84,3.97,0.77,0,0,0,0,0,0,0,0,3.1,0,0,0,0,0,0.76,1.21,0,2.09,1.1
14,828.90095,1.65,3.57,30.49,10.06,1.46,1.3,8.08,1.25,0,0,0,0,0,0,0,0,1.8,1.03,0,0,0,0,0.83,0,0,1.05,1.48
15,710.75588,1.56106,56.87,3.61,8.18,1.12,1.63,0.8,2.67,0,0,0,0,0,0,0,0,1.6,4.51,0,0,0,0,0,0,0,0,0
16,753.83048,1.39,1.77,22.85,4.11,0,0,6.69,0.89,0,0,0,0,0,0,0,0,1.55,0,0,0,0,0,1.9,0,0,0.81,1.16
17,953.97185,0,13.57,6.29,3.48,0.86,1.45,1.63,21.24,0,0,0,0,1.1,0,0,0,0.89,5.32,0,0,0,0,0,0,0,0.66,0
18,777.73237,2.58715,31.63,2.99,7.46,0.88,1.01,0,1.35,0,0,0,0,0,0,0,0,1.29,1.31,0,0,0,0,0,0,0,0,0
19,752.95712,2.56961,24.95,2.17,6.91,0.75,1.33,0,2.51,0,0,0,0,0,0,0,0,1.05,1.3,0,0,0,0,0,0,0,0,0
20,670.75591,2.63977,19.29,3.12,17.67,2.86,3.72,0,5.8,0,0,0,0,0,0,0,0,1.06,0.99,0,0,0,0,0,0,0,0,0
21,723.49869,1.69261,20.49,4.33,21.25,3.98,4.35,0.9,0,0,0,0,0,0,0,0,0,1.06,0.92,0,0,0,0,0,0,0,0,0
22,985.94356,0,18.78,0.85,5.1,4.29,2.55,0,1.08,0,0,0,0,0,0,0,0,0,0,0,0,0,0,0,0,0,0,0
23,984.31522,0,15.55,1.83,3.11,0,0,0,1.45,0,0,0,0,0,0,0,0,0,2.58,0,0,0,0,0,0,0,0,0
24,772.20727,1.96448,9.61,1.49,11.27,1.87,2.21,0,2.51,0,0,0,0,0,0,0,0,0,0,0,0,0,0,0,0,0,0,0
25,736.78524,1.85924,32.1,4.11,11.86,2.71,2.51,0.92,5.86,0,0,0,0,0,0,0,0,1.56,3.69,0,0,0,0,0,0,0,0,0
26,853.69177,1.34,3.2,20.34,7.06,0,0.81,5.91,0,0,0,0,0,0,0,0,0,1.81,0.91,0,0,0,0,2.66,0,0,2.04,0.93
27,729.0501,2.22758,18.85,4.55,12.58,2.49,2.47,1.23,2.37,0,0,0,0,0,0,0,0,0.79,2.77,0,0,0,0,0,0,0,0,0
28,730.22528,8.41043,13.58,3.71,21.95,3.31,3.64,0.88,0.75,0,0,0,0,0,0,0,0,1.18,1.06,0,0,0,0,0,0,0,0,0
29,982.97333,0,15.87,2.2,3.84,0,0,0,0,0,0,0,0,0,0,0,0,0,2.26,0,0,0,0,0,0,0,0,0
30,700.53883,1.79785,33.68,6.58,12.28,4.16,2.95,1.52,4.45,0,0,0,0,0,0,0,0,1.97,3.46,0,0,0,0,0,0,0,0.49,0
31,683.37594,1.89432,43.23,6.68,9.59,8.45,4.83,1.62,0,0,0,0,0,0,0,0,0,1.15,0,0,0,0,0,0,0,0,0,0
32,706.74799,1.67507,18.16,3.21,11.48,1.62,2.65,0.79,24.38,0,0.66,0,0,1.37,0,0,0,0.81,0,0,0,0,0,0,0,0,0.51,0
33,717.7368,1.48213,19.99,4.31,20.35,1.87,2.71,0.98,3.01,0,0,0,0,0,0,0,0,2.01,0,0,0,0,0,0,0,0,0,0
34,892.84827,2.37,2.51,5.35,2.7,0,0,2.4,0,0,0,0,0,0,0,0,0,1.17,0,0,0,0,0,0,0,0,1.01,0
35,227.78321,449.34128,45.44,5.14,8.09,1.22,1.46,1.16,1.95,0,0,0,0,0,0,0,0,1.92,6.37,0,0,0,0,0,0,0,0,0
36,803.72089,2.77,3.95,17.66,4.85,0,0,5.03,1.16,0,0,0,0,0,0,0,0,2.2,0.54,0,0,0,0,0.9,0,0,1.65,1.51
37,835.45843,1.43,4.11,10.09,2.48,0,0,3.04,0,0,0,0,0,0,0,0,0,2.56,0.61,0,0,0,0,1.42,0,0,1.02,1.24
38,806.29143,1.4,6.05,14.16,2.76,0,0,3.79,0.99,0,0,0,0,0,0,0,0,2.03,0.81,0,0,0,0,1.96,0,0,1.48,1.6
39,714.54452,1.32427,7.09,4.33,19.22,2.88,2.89,1.03,0.87,0,0,0,0,0,0,0,0,1.47,1.09,0,0,0,0,0,0,0,0,0
40,771.31654,1.54,4.56,14.64,2.87,0,0,4.18,2.31,0,0,0,0,0,0,0,0,2.34,1.01,0,0,0,0,0,0,0,1.89,1.04
41,846.26318,0.87,2.75,6.15,1.41,0,0,1.8,1.42,0,0,0,0,0,0,0,0,1.32,0,0,0,0,0,1.06,0,0,0.97,1.06
42,836.36074,1.53,14.61,5.55,2.5,0,0,1.51,2.29,0,0,0,0,0,0,0,0,1.11,3.32,0,0,0,0,1.45,0.8,0,0.83,1.17
43,969.62024,0,21.66,3.23,4.79,3.54,2.22,0.92,0.36,0,0,0,0,0,0,0,0,0.94,0.22,0,0,0,0,0,0.41,0,0.32,0
44,972.00987,0,10.62,1.1,2.31,1.86,1.09,0.31,0,0,0,0,0,0,0,0,0,0.36,0,0,0,0,0,0,0.29,0,0,0
45,705.56404,2.09603,27.84,4.28,10.55,3.81,2.42,1.11,7.86,0,0,0,0,0,0,0,0,0.93,2.73,0,0,0,0,0,0,0,0,0
46,382.47724,313.29948,23.72,4.04,8.7,0.96,1.37,0.98,4.3,0,0,0,0,0,0,0,0,1.58,3.18,0,0,0,0,0,0,0,0,0
47,338.22382,326.88421,16.35,2.19,7.69,1.25,2.11,0,25.51,0,0.73,0,0,1.35,0,0,0,0.95,1.04,0,0,0,0,0,0,0,0,0
48,764.94571,0.01754,11.8,3.47,10.56,1.11,1.28,0.89,0,0,0,0,0,0,0,0,0,0.96,1.26,0,0,0,0,0,0,0,0,0
49,818.60598,1.51,3.64,15.17,2.91,0,0,4.59,1.72,0,0,0,0,0,0,0,0,1.99,0.93,0,0,0,0,1.3,0,0,1.34,1.36
50,700.78439,13.75136,21.7,1.88,4.55,2.38,2.21,0,16.56,0,0,0,0,1,0,0,0,0,1.58,0,0,0,0,0,0,0,0,0
51,788.06528,1.1,19.65,18.64,8.06,0.8,1,6.23,6.03,0,0,0,0,0,0,0,0,3.61,2.24,0,0,0,0,0.76,0,0,2.53,1.13
52,709.41407,12.18153,16.36,3.6,11.2,2.18,3.29,0.82,23.04,0,0.77,0,0,1.4,0,0,0,1.15,6.24,0,0,0,0,0,0,0,0.61,0
53,711.32593,9.59438,33.11,5.14,6.36,1.76,2.02,1.16,3.19,0,0,0,0,0,0,0,0,0,5.2,0,0,0,0,0,0,0,0.64,0
54,958.09,0,9.34,3.32,9.42,1.13,1.43,1.68,0,0,0,0,0,0,0,0,0,1.62,1.35,0,0,0,0,2.14,0,0,0.68,0
55,763.03385,4.18329,10.28,2.09,5.68,1.31,1.18,0,7.49,0,0,0,0,0,0,0,0,0,0.53,0,0,0,0,0,0,0,0,0
56,350.8877,362.15715,18.41,2.24,6.76,4.12,2.39,0,0,0,0,0,0,0,0,0,0,0,0,0,0,0,0,0,0,0,0,0
57,813.78797,3.84,2.54,5.38,1.19,0,0,1.78,7.01,0,0,0,0,0,0,0,0,1.1,1.18,0,0,0,0,1.26,1.08,0,1.26,1.1
58,772.83,1.35,7.29,11.67,2.46,0,0.73,3.39,5.68,0,0,0,0,0,0,0,0,2.81,1.66,0,0,0,0,1.87,1.06,0,3.1,1.59
59,475.4217,241.91168,39.32,4.74,10.42,1.38,1.74,1.5,0.71,0,0,0,0,0,0,0,0,1.8,5.26,0,0,0,0,0,1.49,0,0.78,0
60,232.48393,463.03846,42.6,1.9,4.44,2.11,2.17,0.89,11.49,0,0,0,0,1.14,0,0,0,1.09,6.71,0,0,0,0,0,1.13,0,0,0
61,836.92811,0.45,5.88,10.18,6,0,0,2.93,0.77,0,0,0,0,0,0,0,0,2.04,0,0,0,0,0,0,0,0,1.28,0
62,873.56489,0.62,4.47,5.02,1.57,0,0,1.58,0,0,0,0,0,0,0,0,0,1.69,0,0,0,0,0,0,0,0,0.62,0.74
63,744.87118,0.49112,10.18,2.27,6.89,0.75,0.95,0,0,0,0,0,0,0,0,0,0,0.96,0,0,0,0,0,0,0,0,0,0
64,714.0534,4.6481,19.78,1.52,7.63,0.98,0.98,0,2.77,0,0,0,0,0,0,0,0,0.82,0.9,0,0,0,0,0,0,0,0,0
65,964.45015,0,3.9,1.78,2.84,0,0,0,4.47,0,0,0,0,0,0,0,0,0,0,0,0,0,0,0,0,0,0,0
66,948.94724,0,7.36,1.12,2.25,0,0,0,0,0,0,0,0,0,0,0,0,0,0,0,0,0,0,0,0,0,0,0
67,704.24854,7.65621,15.14,2.14,7.03,1.57,1.96,0,10.9,0,0,0,0,0,0,0,0,1.01,1.6,0,0,0,0,0,0,0,0,0
68,734.049,1.06117,7.8,1.09,6.72,1.01,1.12,0,3.39,0,0,0,0,0,0,0,0,0,0,0,0,0,0,0,0,0,0,0
69,771.65476,0,31.3,2.88,11.21,1.46,2.02,0,4.57,0,0,0,0,0,0,0,0,1.22,2.44,0,0,0,0,0,0,0,0,0
70,802.89792,0.26,5.64,11.81,5.74,0.71,0.75,3.23,4.16,0,0,0,0,0,0,0,0,1.38,0.57,0,0,0,0,0,0,0,1.26,1.06
71,742.76638,0.30695,13.8,3.57,14.23,1.83,2.05,0.77,1.08,0,0,0,0,0,0,0,0,1.99,0,0,0,0,0,0,0,0,0,0
72,714.16741,0.41219,14.22,3.18,14.08,1.49,2.27,0,4.2,0,0,0,0,0,0,0,0,1.3,1.09,0,0,0,0,0,0,0,0,0
73,730.38314,0.98224,33.43,3.18,14.14,2.57,2.84,0,3.84,0,0,0,0,0,0,0,0,1.26,3,0,0,0,0,0,0,0,0,0
74,727.21717,0.64021,30.5,2.34,8.46,2.55,2.44,0,7.81,0,0,0,0,0,0,0,0,0,0.66,0,0,0,0,0,0,0,0,0
75,967.36635,0,11.42,3.07,5.31,0.46,0.77,0.62,1.69,0,0,0,0,0,0,0,0,0.77,2.12,0,0,0,0,0,0,0,0.14,0
76,730.53223,2.06095,14.51,2.62,9.53,1.52,2.39,0,23.37,0,0.71,0,0,1.39,0,0,0,1.61,6.48,0,0,0,0,0,0,0,0,0
77,765.81394,1.15764,26.67,1.76,5.97,2.44,1.89,0,4.41,0,0,0,0,0,0,0,0,0.72,2.13,0,0,0,0,0,0,0,0,0
78,848.71397,1.67,11.6,8.14,2.93,0,0,2.17,1.34,0,0,0,0,0,0,0,0,1.13,2.43,0,0,0,0,1.36,0,0,1.3,1.24
79,730.34806,12.74281,12.17,2.51,14.15,2.83,2.79,0,3.04,0,0,0,0,0,0,0,0,1.04,0.73,0,0,0,0,0,0,0,0,0
80,721.63068,0.55251,45.33,3.96,12.32,6.23,4.11,0.87,1.14,0,0,0,0,0,0,0,0,1.06,0,0,0,0,0,0,0,0,0,0
81,861.61722,0.49,6.71,23.18,5.86,0,0,5.59,0.81,0,0,0,0,0,0,0,0,0,0,0,0,0,0,0,0,0,1.21,0.91
82,737.52192,0.94716,8.14,4.47,21.61,3.75,3.62,0.98,0,0,0,0,0,0,0,0,0,1.03,0.78,0,0,0,0,0,0,0,0,0
83,753.6938,0.7893,8.01,2.82,12.53,1.51,1.77,0,9.48,0,0,0,0,0,0,0,0,1.24,0.68,0,0,0,0,0,0,0,0,0
84,931.42738,0.22,9.78,4.58,2.42,0,0,1.25,5.5,0,0,0,0,0,0,0,0,1.27,0.87,0,0,0,0,0,0.97,0,0.66,0
85,950.68806,0,13.58,4.1,10.39,1.16,1.58,0.96,2.01,0,0,0,0,0,0,0,0,1.37,1.64,0,0,0,0,0,0,0,0.31,0
86,743.72231,1.62245,27.69,3.13,9.63,1.07,1.65,0.79,3.13,0,0,0,0,0,0,0,0,1.26,3.57,0,0,0,0,0,0,0,0,0
87,787.62082,0.87,6.95,12.33,7.37,0.9,1.04,3.26,2.3,0,0,0,0,0,0,0,0,1.66,0.52,0,0,0,0,0.91,0,0,1.33,1.16
88,874.18061,0.57,5.23,6.23,4.64,0,0,1.31,6.1,0,0,0,0,0,0,0,0,1.96,1.5,0,0,0,0,0.76,0,0,1.11,0
89,708.0021,4.93751,13.46,3.74,9.74,1.62,1.64,0.96,1.79,0,0,0,0,0,0,0,0,1.64,0,0,0,0,0,0,0,0,0,0
90,690.91814,12.09383,8.64,4.4,25.91,3.21,3.78,1.15,0,0,0,0,0,0,0,0,0,1.39,1.15,0,0,0,0,0,0,0,0,0
91,700.723,4.21837,14.2,4.94,18.06,3.44,3.34,1.09,2.62,0,0,0,0,0,0,0,0,1.5,2.24,0,0,0,0,0,0,0,0,0
92,719.00845,1.29796,11.4,3.29,13.16,1.56,1.95,0.92,0,0,0,0,0,0,0,0,0,1.13,1.01,0,0,0,0,0,0,0,0,0
93,673.35183,1.36812,32.38,3.4,3.59,1.37,1.58,0.85,9.43,0,0,0,0,0.69,0,0,0,0,4.91,0,0,0,0,0,0,0,0,0
94,903.47825,0.03,4.63,14.12,10.14,1.06,1.34,3.49,0,0,0,0,0,0,0,0,0,2.63,0.67,0,0,0,0,0,0,0,0.99,0.96
95,916.90731,0.16,5.11,13.88,6.36,0,0,3.7,0,0,0,0,0,0,0,0,0,2.24,0,0,0,0,0,0,0,0,1.84,0
96,814.07519,0.53,3.53,13.37,8.21,0,0.83,4.03,1.73,0,0,0,0,0,0,0,0,1.39,0.62,0,0,0,0,0,0,0,1.38,1.13
97,688.27837,10.69063,28.81,3.19,4.71,1.71,1.82,0.8,10.07,0,0,0,0,0.78,0,0,0,0.72,4.7,0,0,0,0,0,0,0,0,0
98,713.89554,1.29796,47.24,3.06,15.14,1.22,2.09,0.81,0.75,0,0,0,0,0,0,0,0,2.1,0.5,0,0,0,0,0,0,0,0.44,0
99,982.13212,0,8.21,1.29,3,0,0,0,2.51,0,0,0,0,0,0,0,0,0,1,0,0,0,0,0,0,0,0,0
100,716.71071,0.55251,10.48,6.37,22.27,3.96,3.81,1.5,2.5,0,0,0,0,0,0,0,0,1.59,1.97,0,0,0,0,0,0,0,0,0
101,725.87536,0.68406,30.07,4.3,14.53,2.24,2.57,1.07,2.69,0,0,0,0,0,0,0,0,1.87,1.88,0,0,0,0,0,0,0,0,0
102,686.73485,0.7893,25.61,4.13,15.96,2.57,3.18,1.01,9.69,0,0,0,0,0,0,0,0,1.97,3.53,0,0,0,0,0,0,0,0,0
103,701.23166,0.81561,27.94,5.33,22.03,2.98,3.77,1.28,1.84,0,0,0,0,0,0,0,0,2.26,1.23,0,0,0,0,0,0,0,0.43,0
104,714.67607,0.92962,15.81,2.85,10.44,1.56,2.59,0,25.16,0,0.8,0,0,1.5,0,0,0,1.7,7.05,0,0,0,0,0,0,0,0,0
105,751.29082,0.35957,17.24,4.11,14.07,1.65,2.23,0.88,4.27,0,0,0,0,0,0,0,0,1.96,1.55,0,0,0,0,0,0,0,0,0
106,768.09596,0.74,14.01,7.66,3.16,0,0,2.23,1.56,0,0,0,0,0,0,0,0,1.92,1.52,0,0,0,0,0,0.9,0,0.94,0.8
107,709.18605,0.82438,41.32,3.41,13.64,1.14,1.97,0.88,0,0,0,0,0,0,0,0,0,2.21,0,0,0,0,0,0,0,0,0.46,0
108,707.11633,11.20806,15.27,3.22,16.62,1.92,2.74,0.74,2.28,0,0,0,0,0,0,0,0,1.93,0,0,0,0,0,0,0,0,0,0
109,714.07971,0.85069,28.05,4.55,11.05,2.2,2.46,1.06,5.51,0,0,0,0,0,0,0,0,1.98,3.28,0,0,0,0,0,0,0,0,0
110,244.41113,456.86438,29.89,4.46,7.74,3.02,2.61,1.14,11.92,0,0,0,0,0,0,0,0,1.66,0,0,0,0,0,0,1.03,0,0,0
111,718.92075,21.61805,17.17,3.91,13.96,2.23,2.68,0.73,3.66,0,0,0,0,0,0,0,0,1.58,0.93,0,0,0,0,0,0,0,0,0
112,737.21497,1.14887,36.35,4.83,13.54,1.43,2.29,1.01,4.4,0,0,0,0,0,0,0,0,2.01,4.62,0,0,0,0,0,0,0,0.47,0
113,739.82843,0.83315,22.29,5.4,16.05,1.78,2.35,1.05,1.43,0,0,0,0,0,0,0,0,2.06,0.52,0,0,0,0,0,0,0,0.49,0
114,356.02692,348.57242,25.88,4.94,11.2,2.5,2.43,0.98,7.57,0,0,0,0,0,0,0,0,1.11,1.72,0,0,0,0,0,0,0,0,0
115,717.80696,24.78402,21.5,3.99,14.09,2.3,2.71,0.93,3.75,0,0,0,0,0,0,0,0,1.72,1.47,0,0,0,0,0,0,0,0,0
116,729.11149,7.3668,16.73,3.38,17.63,1.89,2.87,0.77,2.42,0,0,0,0,0,0,0,0,2.01,0,0,0,0,0,0,0,0,0,0
117,760.95536,0.42096,29.43,2.1,6.53,2.75,2.03,0,4.87,0,0,0,0,0,0,0,0,0.91,2.5,0,0,0,0,0,0,0,0,0
118,826.33697,1.31,4.2,19.45,11.15,1.02,1.34,6.02,0,0,0,0,0,0,0,0,0,1.44,0,0,0,0,0,0,0,0,0,2.04
119,948.29022,0,22.11,4.63,11.89,2.33,1.97,0.98,0.78,0,0,0,0,0,0,0,0,1.18,0.92,0,0,0,0,0,0,0,0,0
120,721.92009,3.34137,2.99,3.5,20.03,3.4,3.28,0,0,0,0,0,0,0,0,0,0,0,0.81,0,0,0,0,0,0,0,0,0
121,747.3794,0.75422,10.79,3.07,13.72,1.85,2.5,0,9.96,0,0,0,0,0,0,0,0,0.78,0,0,0,0,0,0,0,0,0,0
122,742.13494,1.14887,12.09,2.26,9.01,2.17,2.17,0,5.09,0,0,0,0,0,0,0,0,0,0.85,0,0,0,0,0,0,0,0,0
123,473.86064,227.54642,11.35,2.23,7.96,1.17,2.13,0,20.95,0,0,0,0,1.23,0,0,0,0,0,0,0,0,0,0,0,0,0,0
124,840.064,0.73,3.92,12.14,12.67,1.23,1.6,2.98,1.01,0,0,0,0,0,0,0,0,0,0.69,0,0,0,0,0,0,0,1.63,0
125,815.20134,0.74,6.73,16.72,11.7,0.93,1.39,4.86,0,0,0,0,0,0,0,0,0,2.18,0.65,0,0,0,0,0.77,0,0,0.46,1.97
126,729.38336,10.19951,47.24,3.21,6.77,2.44,2.59,0,6.62,0,0,0,0,0,0,0,0,0.99,2.12,0,0,0,0,0,0,0,0,0
127,716.43884,1.30673,27.32,3.65,12.42,2.38,2.85,0,6.19,0,0,0,0,0,0,0,0,1.71,2.81,0,0,0,0,0,0,0,0,0
128,836.81564,0.53,3.51,14.21,13.09,1.09,1.52,3.65,1.35,0,0,0,0,0,0,0,0,2.04,0,0,0,0,0,0,0,0,1.16,1.07
129,866.1806,1.53,4.59,12.94,8.01,0.8,1.14,3.08,1.65,0,0,0,0,0,0,0,0,1.65,0,0,0,0,0,0,0,0,1.37,1.13
130,725.06852,0.98224,22.16,2.77,8.64,1.92,2.42,0,18.7,0,0.69,0,0,1.13,0,0,0,0.87,5.66,0,0,0,0,0,0,0,0.62,0
131,759.26275,0.83315,15.68,3.86,15.7,3.01,3.16,0,4.83,0,0,0,0,0,0,0,0,1.64,0.8,0,0,0,0,0,0,0,0,0
132,743.90648,0.51743,19.24,3.37,18.09,2.5,3.29,0.71,11.97,0,0,0,0,0.68,0,0,0,1,0,0,0,0,0,0,0,0,0,0
133,719.4908,0.68406,24.89,5.47,17.53,3.02,2.85,0.91,0,0,0,0,0,0,0,0,0,1.65,0,0,0,0,0,0,0,0,0,0
134,809.09917,0.74,7.3,12.07,7.93,0.93,1.19,2.95,4.85,0,0,0,0,0,0,0,0,2.47,1.41,0,0,0,0,0.91,0,0,0.75,0.77
135,819.61076,0.62,9.4,17.82,11.34,0.96,1.38,4.41,1.57,0,0,0,0,0,0,0,0,2.75,0,0,0,0,0,0,0,0,2.03,1
136,858.56374,0,4.87,7.63,4.58,0,0.72,1.99,11.69,0,0,0,0,0,0,0,0,1.57,1.83,0,0,0,0,1,0,0,0.96,0.81
137,938.83827,0,24.38,4.42,5.28,1.11,1.08,1.19,0.82,0,0,0,0,0,0,0,0,0.9,3.91,0,0,0,0,0,0,0,0.64,0
138,985.5494,0,5.9,2.82,8.41,1.1,1.31,0,2.06,0,0,0,0,0,0,0,0,0.87,0,0,0,0,0,0,0,0,0,0
139,735.75915,0,36.21,5.44,10.26,1.45,1.66,0.97,2.48,0,0,0,0,0,0,0,0,2.56,1.62,0,0,0,0,0,0,0,0,0
140,363.70067,337.95195,26.92,4.53,15,4.16,3.28,0.95,5.6,0,0,0,0,0,0,0,0,1.58,6.18,0,0,0,0,0,0,0,0,0
141,466.13427,227.70428,38.66,2.55,8.55,0.99,1.58,0,4.54,0,0,0,0,0,0,0,0,0.75,8.08,0,0,0,0,0,0,0,0.5,0
142,249.72575,447.36647,25.93,2.17,6.56,4.74,3.68,0,20.04,0,0,0,0,1.14,0,0,0,0.81,0,0,0,0,0,0,0.98,0,0,0
143,837.13372,0,10.42,6.47,5.16,0,0.76,1.56,1.09,0,0,0,0,0,0,0,0,1.66,1.44,0,0,0,0,1.07,0.79,0,0.78,1.26
144,838.11974,0,11.44,12.91,6.92,1.18,1.22,3.04,1.25,0,0,0,0,0,0,0,0,1.71,0,0,0,0,0,0,0,0,1.38,0.72
145,754.26385,1.55229,3.53,3.76,23.24,3.83,3.79,0,0,0,0,0,0,0,0,0,0,0.69,1.02,0,0,0,0,0,0,0,0,0
146,754.07091,0,45.43,1.38,8.22,1.64,1.45,0,0,0,0,0,0,0,0,0,0,0,4.41,0,0,0,0,0,0,0,0,0
147,744.81856,0.39465,54.39,2.22,9.19,1.82,1.98,0,0,0,0,0,0,0,0,0,0,1.06,5.6,0,0,0,0,0,0.88,0,0,0
148,783.38902,0,18.79,2.08,13.1,3.23,3.19,0,7.27,0,0,0,0,0,0,0,0,0.68,1.39,0,0,0,0,0,0,0,0,0
149,731.9442,0,21.94,3.63,24.18,3.08,3.86,0,1.4,0,0,0,0,0,0,0,0,1.66,0.75,0,0,0,0,0,0,0,0,0
150,750.64184,0,25.74,2.3,9.91,2.13,2.7,0,21.05,0,0.77,0,0,1.27,0,0,0,0.76,6.54,0,0,0,0,0,0,0,0.49,0
151,743.38905,8.92786,52.18,2.69,7.16,2.51,2.72,0,6.88,0,0,0,0,0,0,0,0,0.84,2.4,0,0,0,0,0,0,0,0,0
152,778.6883,0,15.59,2.07,15.4,3.01,3.11,0,4.69,0,0,0,0,0,0,0,0,1.04,0.82,0,0,0,0,0,0,0,0,0
153,666.44107,1.03486,22.67,4.57,22.21,2.83,3.49,0.93,1.32,0,0,0,0,0,0,0,0,2.11,0.88,0,0,0,0,0,0,0,0,0
154,735.09263,0.72791,42.79,5.28,10.68,1.66,2.26,1.11,2.53,0,0,0,0,0,0,0,0,2.6,2.43,0,0,0,0,0,0,0,0,0
155,857.03866,1.31,6.52,9.37,5.73,0.59,0.94,2.51,5.15,0,0,0,0,0,0,0,0,1.58,1.01,0,0,0,0,0.46,0.37,0,1.03,0.39
156,745.37984,1.44705,8.35,3.45,24.35,3,3.55,0.9,0,0,0,0,0,0,0,0,0,1.03,0.98,0,0,0,0,0,0,0,0,0
157,742.76638,0.88577,13.29,2.31,13.98,2.05,3.12,0.42,18.11,0.3,0.57,0.37,0,1.03,0,0,0,0.86,0.7,0,0,0,0,0,0,0,0.29,0
158,740.09153,2.11357,15.31,3.17,15.92,2.27,3.47,0.58,21,0.35,0.64,0.43,0,1.17,0,0,0,1.14,0.85,0,0,0,0,0,0,0,0.45,0
159,322.80616,352.71186,45.37,3.44,8.02,1.74,1.23,0.9,1.46,0,0,0,0,0,0,0,0,1.6,5.73,0,0,0,0,0,0,0,0.44,1.05
160,448.8486,242.23617,43.38,2.66,9.23,7.73,4.34,0,0,0,0,0,0,0,0,0,0,1.56,0,0,0,0,0,0,1.29,0,0,1.44
161,251.59376,472.7907,13.67,1.73,6.36,1.15,2.22,0,32.11,0,0.82,0,0,1.68,0,0,0,0,0.86,0,0,0,0,0,0,0,0,0
162,751.69424,1.82416,8.41,3.52,24.48,3.02,3.62,0.91,0,0,0,0,0,0,0,0,0,0.93,1.05,0,0,0,0,0,0,0,0,0
163,741.38072,1.754,44.17,2.7,9.35,1.41,1.8,0,0.9,0,0,0,0,0,0,0,0,0.76,6.74,0,0,0,0,0,0,0,0,0
164,720.99924,1.58737,37.75,2.8,3.56,1.83,1.57,0.7,9.24,0,0,0,0,0,0,0,0,0,4.56,0,0,0,0,0,0,0,0,0
165,731.46185,2.15742,10.97,3.91,15.4,1.47,2.47,0.89,6.93,0,0,0,0,0,0,0,0,1.33,0,0,0,0,0,0,0,0,0,0
166,735.99594,2.24512,46.33,2.51,9.61,1.41,1.84,0,0.91,0,0,0,0,0,0,0,0,0.7,7.19,0,0,0,0,0,0,0,0,0
167,726.12969,2.30651,11.77,3.87,16.45,1.58,2.67,0.88,7.42,0,0,0,0,0,0,0,0,1.37,0,0,0,0,0,0,0,0,0,0
168,821.62631,18.29,13.76,9.77,9.05,1.28,1.44,2.65,3.45,0,0,0,0,0,0,0,0,2.62,1,0,0,0,0,1.36,0,0,1.65,1.38
169,803.4847,1.57,9.96,26.55,8.76,0.81,1.13,7.12,3.27,0,0,0,0,0,0,0,0,3.21,0.67,0,0,0,0,0,0,0,1.88,1.29
170,819.86416,1.65,8.7,12.96,7.29,0,1.04,3.61,4.95,0,0,0,0,0,0,0,0,2.72,1.23,0,0,0,0,0,0,0,1.52,0.99
171,761.15707,1.82416,11.89,2.92,26.97,3.17,3.63,0,0.75,0,0,0,0,0,0,0,0,1.39,0.99,0,0,0,0,0,0,0,0,0
172,769.6552,1.69261,10.91,2.65,26.11,3,3.81,0,0.72,0,0,0,0,0,0,0,0,1.24,0.98,0,0,0,0,0,0,0,0,0
173,741.3281,1.34181,7.41,3.62,17.4,2.45,2.77,0.86,1.02,0,0,0,0,0,0,0,0,1.12,0.9,0,0,0,0,0,0,0,0,0
174,774.08915,1.14,11.38,11.48,8.54,0,0.92,3.29,2.67,0,0,0,0,0,0,0,0,3.09,0,0,0,0,0,2.75,0,0,2.12,1.93
175,711.85213,1.9294,52.45,2.3,6.14,2.71,1.42,0,2.03,0,0,0,0,0,0,0,0,0.74,4.29,0,0,0,0,0,0,0,0,0
176,718.31562,1.88555,50.25,4.47,6.44,2.74,2.05,0.9,2.24,0,0,0,0,0,0,0,0,1.29,3.85,0,0,0,0,0,0,0,0,0
177,761.97268,1.74523,7.94,3.56,21.27,3.01,3.54,0.71,1.23,0.54,0,0,0,0,0,0,0,1.24,1,0,0,0,0,0,0,0,0,0
178,912.95148,0,13.09,3.58,6.3,0.73,1.07,0.83,8.07,0,0,0,0,0,0,0,0,0.99,0.89,0,0,0,0,0,0,0,0,0
179,947.87467,0,9.02,3.05,5.34,1.56,1.52,0,10.05,0,0,0,0,0,0,0,0,0.74,1.01,0,0,0,0,0,0,0,0,0
180,736.89048,0.877,25.7,2.63,9.8,1.87,2.91,0,27.17,0,0.85,0,0,1.56,0,0,0,1.05,1.63,0,0,0,0,0,0,0,0,0
181,738.18844,1.86801,29.92,4.4,18.5,5.69,4.47,0.97,6.24,0,0,0,0,0,0,0,0,1.43,1.57,0,0,0,0,0,0,0,0,0
182,741.02115,1.6663,7.49,6.96,31.87,4.47,4.76,1.43,0.75,0,0,0,0,0,0,0,0,1.72,2.15,0,0,0,0,0,0,0,0,0
183,712.66774,0.76299,13.84,7.96,15.07,1.38,2.3,1.43,4.38,0,0,0,0,0,0,0,0,1.43,0,0,0,0,0,0,0,0,0,0
184,775.34693,1.01732,14.06,3.85,16.3,2.69,2.66,0.77,1.45,0,0,0,0,0,0,0,0,1.09,1.94,0,0,0,0,0,0,0,0,0
185,711.44871,0.59636,40.83,5.82,15.51,2.21,2.89,1.01,7.45,0,0,0,0,0,0,0,0,1.23,5.75,0,0,0,0,0,0,0,0,0
186,827.85379,1.84,3.94,14.82,10.54,0.78,1.13,4.43,0.92,0,0,0,0,0,0,0,0,1.96,0.53,0,0,0,0,0,0,0,0.44,1.72
187,697.90783,1.96448,32.03,3.07,7,1.51,2.27,0,23.25,0,0.79,0,0,1.29,0,0,0,1.21,5.12,0,0,0,0,0,0.98,0,0,0
188,721.54298,2.04341,42.16,2.46,7.11,2.02,2.79,0,19.37,0,0.72,0,0,1.35,0,0,0,0.83,5.54,0,0,0,0,0,0,0,0,0
189,810.68676,1.2,3.92,20.07,13.71,1.32,1.66,5.21,1.34,0,0,0,0,0,0,0,0,1.7,0.94,0,0,0,0,1.22,0,0,1.04,1.17
190,802.17993,0.89,8.76,23.23,10.28,0,1.33,6.33,10.61,0,0,0,0,0,0,0,0,2.47,0,0,0,0,0,0,0,0,2.6,1.59
191,852.3983,1.03,5.34,20.55,11.77,0.9,1.39,6.06,4.37,0,0,0,0,0,0,0,0,3.12,0,0,0,0,0,0,0,0,2.55,1.09
192,761.19215,1.28919,9.16,3.47,14.33,2.17,2.6,0.8,2.52,0,0,0,0,0,0,0,0,1.18,0.8,0,0,0,0,0,0,0,0,0
193,727.09439,1.58737,41.95,6.33,14.86,2.06,2.9,1.31,7.12,0,0,0,0,0,0,0,0,1.36,6.15,0,0,0,0,0,0,0,0,0
194,784.77468,0.36834,16.62,4.67,16.37,2.8,2.77,1.13,1.48,0,0,0,0,0,0,0,0,1.24,2.36,0,0,0,0,0,0,0,0,0
195,823.20528,0.97,8.64,9.18,8.56,0.98,1.44,2.29,10.92,0,0,0,0,0,0,0,0,1.51,0.76,0,0,0,0,0,0,0,1.4,0
196,835.06062,1.18,1.36,4.32,3.89,0,0,1.06,1.62,0,0,0,0,0,0,0,0,0,0,0,0,0,0,0,0,0,0,0
197,848.65918,1,1.08,3.58,3.02,0,0,1.19,0,0,0,0,0,0,0,0,0,0,0,0,0,0,0,0,0,0,0.61,0
198,712.22924,1.52598,28.74,2.63,10.68,2.01,3.05,0,29.51,0,0.92,0,0,1.71,0,0,0,0.96,1.92,0,0,0,0,0,0,0,0,0
199,711.41363,1.77154,46.6,2.61,11.3,1.4,1.98,0,1.31,0,0,0,0,0,0,0,0,0.81,6.25,0,0,0,0,0,0,0,0,0
200,731.56709,1.56983,18.05,2.27,16.86,2.38,3.01,0,8.63,0,0,0,0,0,0,0,0,0.99,1.37,0,0,0,0,0,0,0,0,0
201,709.46669,7.68252,25.55,4.21,12.65,2.48,3.24,0.84,20.43,0,0.71,0,0,1.3,0,0,0,1.62,2.95,0,0,0,0,0,0,0,0,0
202,797.11662,1.2,2.17,9.42,8.25,0,0.83,2.72,0,0,0,0,0,0,0,0,0,0,0,0,0,0,0,0,0,0,1.71,0.71
203,733.26847,1.81539,57.22,2.51,6.46,3.1,2.82,0,6.63,0,0,0,0,0,0,0,0,0.77,4.51,0,0,0,0,0,0,0,0,0
204,738.85496,3.22736,18.35,3.35,14.34,3.19,2.99,0.84,5.21,0,0,0,0,0,0,0,0,1.54,1,0,0,0,0,0,0,0,0,0
205,720.86769,1.65753,51.6,3.02,8.68,1.15,1.13,0,2.91,0,0,0,0,0,0,0,0,0.97,8.39,0,0,0,0,0,0,0,0,0
206,667.90566,1.38566,16.11,4.17,15.6,3.52,3.36,0.95,13.55,0,0,0,0,0.84,0,0,0,0.93,1.55,0,0,0,0,0,0,0,0,0
207,710.57171,2.88533,16.18,3.45,12.57,2.75,2.37,0.87,4.68,0,0,0,0,0,0,0,0,1.5,0.88,0,0,0,0,0,0,0,0,0
208,689.81312,1.74523,12.12,6.2,11.38,1.19,1.7,1.29,3.32,0,0,0,0,0,0,0,0,1.07,0,0,0,0,0,0,0,0,0,0
209,725.02467,1.71892,43.56,2.88,6.88,0.97,1.35,0,2.32,0,0,0,0,0,0,0,0,0.92,7.02,0,0,0,0,0,0,0,0,0
210,765.40156,1.7,4.83,14.3,11.89,1.07,1.62,3.41,7.81,0,0,0,0,0,0,0,0,2.32,0.51,0,0,0,0,0,0,0,1.28,1.21
211,753.13735,1.36,3.88,13.18,8.44,0,1.04,3.54,3.83,0,0,0,0,0,0,0,0,1.87,0,0,0,0,0,0,0,0,1.76,0.73
212,874.01934,1.73,1.59,4.33,2.3,0,0,1.05,0.34,0,0,0,0,0,0,0,0,0.74,0,0,0,0,0,0,0,0,0.35,0
213,754.8339,2.8941,16.98,1.64,10.62,1.13,1.6,0,5.48,0,0,0,0,0,0,0,0,1.18,1,0,0,0,0,0,0,0,0,0
214,824.10813,0.73668,5.67,1.86,11.11,1.58,2.02,0,1.88,0,0,0,0,0,0,0,0,0,0,0,0,0,0,0,0,0,0,0
215,727.2084,0,13.16,2.62,14.69,3.19,3.3,0,12.95,0,0,0,0,0.8,0,0,0,0,1.18,0,0,0,0,0,0,0,0,0
216,778.50413,1.52598,15.13,2.38,14.97,1.89,2.31,0,1.27,0,0,0,0,0,0,0,0,0.82,0,0,0,0,0,0,0,0,0,0
217,732.74227,0.85069,10.56,2.78,15.87,1.59,2.22,0,2.9,0,0,0,0,0,0,0,0,0.79,1.04,0,0,0,0,0,0,0,0,0
218,773.18951,0.40342,10.17,2.06,17.38,1.95,2.68,0,1.31,0,0,0,0,0,0,0,0,1.27,0,0,0,0,0,0,0,0,0,0
219,758.89441,1.04363,20.29,2.71,12.56,1.23,2.13,0,6.74,0,0,0,0,0,0,0,0,1.89,1.3,0,0,0,0,0,0,0,0,0
220,739.45132,8.45428,9.2,3.69,19.42,1.29,2.59,0.93,0,0,0,0,0,0,0,0,0,0.94,0,0,0,0,0,0,0,0,0,0
221,741.49473,3.03442,32.62,2.38,12.93,1.98,2.21,0,3.55,0,0,0,0,0,0,0,0,1.19,3.91,0,0,0,0,0,0,0,0,0
222,726.93511,1.43,3.5,24.01,12.66,1.43,1.7,5.77,1.84,0,0,0,0,0,0,0,0,3.19,0.88,0,0,0,0,1.17,0,0,1.06,1.12
223,433.99661,251.59376,32.94,2.76,6.32,5.68,3.69,0,12.07,0,0,0,0,0.79,0,0,0,0.79,0,0,0,0,0,0,0,0,0,0.95
224,231.12728,490.54118,19.75,3.97,10.08,3.42,3.39,0.83,19.7,0,0,0,0,1.18,0,0,0,0.82,2.2,0,0,0,0,0,0,0,0,0
225,734.85584,1.81539,31.66,1.59,6.49,0.82,1.35,0,2.69,0,0,0,0,0,0,0,0,0.8,4.79,0,0,0,0,0,0,0,0,0
226,743.35397,1.65753,34.58,2.73,12.71,2.07,2.47,0,3.63,0,0,0,0,0,0,0,0,1.32,3.97,0,0,0,0,0,0,0,0,0
227,739.64426,2.16619,7.1,3.79,14.35,1.01,1.83,0.94,0,0,0,0,0,0,0,0,0,0.84,0,0,0,0,0,0,0,0,0,0
228,761.84113,1.79785,10.37,2.9,16.55,1.86,2.44,0,1.29,0,0,0,0,0,0,0,0,1.58,0,0,0,0,0,0,0,0,0,0
229,734.926,1.58737,38.86,1.64,7.64,0.89,1.58,0,3.09,0,0,0,0,0,0,0,0,0.82,5.89,0,0,0,0,0,0,0,0,0
230,742.52959,1.14887,18.35,1.49,12.96,2.16,2.52,0,4.97,0,0,0,0,0,0,0,0,0.85,1.47,0,0,0,0,0,0,0,0,0
231,736.63615,0.86823,36.5,2.3,19.36,3.11,3.87,0,5.56,0,0,0,0,0,0,0,0,0.98,2.68,0,0,0,0,0,0,0,0,0
232,726.92776,1.01732,31,2.06,14.42,4.27,3.83,0,9.05,0,0,0,0,0,0,0,0,0.98,0,0,0,0,0,0,0,0,0,0
233,862.54552,1.48,13.21,21.19,7.4,1.04,2.14,6.77,45.63,0,1.16,0.74,0,1.8,0,0,0,1.75,0,0,0,0,0,2.09,0,0,1.18,0
234,802.73769,1.68,6.76,20.49,19.79,1.82,2.59,5.48,1.18,0.38,0,0,0,0,0,0,0,3.89,1.14,0,0,0,0,0.37,0,0,1.67,0.66
235,799.72535,1.6,6.9,16.58,17.58,1.72,2.38,4.45,0.66,0.35,0,0,0,0,0,0,0,2.84,0.94,0,0,0,0,0.26,0,0,1.75,0.48
236,756.80889,1.32,3.87,16.09,7.66,1.08,1.3,4.3,3.22,0,0,0,0,0,0,0,0,1.64,0.87,0,0,0,0,0.59,0,0,1.17,0.42
237,882.69756,1.78,4.04,15.87,7.82,1.12,1.33,4.24,3.25,0,0,0,0,0,0,0,0,1.64,0.9,0,0,0,0,0.62,0,0,1.15,0.45
238,730.29544,0.58759,28.84,4.13,15.61,2.81,3.34,0.8,12.23,0,0,0,0,0,0,0,0,1.96,0.87,0,0,0,0,0,0,0,0.44,0
239,743.7837,0.4385,27.43,3.44,13.02,2.57,3.38,0,21.48,0,0.7,0,0,1.23,0,0,0,1.36,0,0,0,0,0,0,0,0,0,0
240,727.69075,0.7893,2.71,6.4,25.12,4.57,4.08,1.21,0,0,0,0,0,0,0,0,0,0.9,1.62,0,0,0,0,0,0,0,0,0
241,733.75959,0.55251,14.13,4.15,19.88,3.01,3.31,0.82,1.3,0,0,0,0,0,0,0,0,1.49,1.64,0,0,0,0,0,0,0,0,0
242,753.13252,1.2278,22.94,2.55,16.98,1.32,2.37,0,3.72,0,0,0,0,0,0,0,0,1.43,1.15,0,0,0,0,0,0,0,0,0
243,740.29324,1.2278,7.61,3.22,31.38,4.04,4.79,0,0,0.76,0,0,0,0,0,0,0,0.97,0.84,0,0,0,0,0,0,0,0,0
244,797.7242,1.38,15.46,14.3,18.58,2.53,2.91,3.59,1.85,0.35,0,0,0,0,0,0,0,2.96,1.5,0,0,0,0,1.21,0.24,0,1.51,0.59
245,807.13862,1.46,9.43,11.67,9.15,0.91,1.73,3.02,19.6,0,0.52,0.35,0,0.85,0,0,0,3.07,5.13,0,0,0,0,0.84,0.41,0,2.76,0.51
246,827.10382,1.57,9,12.3,11.53,1.14,1.49,2.89,1.27,0,0,0,0,0,0,0,0,3.04,0.38,0,0,0,0,0,0,0,0.81,0.41
247,774.00512,0.58759,64.15,3.61,7.26,3.89,2.01,0,2.49,0,0,0,0,0,0,0,0,0,2.44,0,0,0,0,0,0,0,0,0
248,302.95088,345.02934,13.82,3.18,7.56,1.75,3.06,0.85,38.46,0,1.01,0,0,2.26,0,0,0,0,0,0,0,0,0,0,0,0,0,0.9
249,913.16363,1.37,5.71,15.19,7.99,0.66,0.98,3.69,0.98,0,0,0,0,0,0,0,0,2.95,0,0,0,0,0,0,0,0,1.36,0.47
250,843.72123,1.18,5.25,23.89,8.39,0.6,1.05,5.86,2.56,0.15,0.1,0,0,0,0,0,0,2.54,0.31,0,0,0,0,0.11,0.25,0,1.59,0.43
251,845.36439,1.76,7.51,14.71,8.15,0.8,0.93,3.48,1.45,0.15,0,0,0,0,0,0,0,2.4,0.88,0,0,0,0,0.39,0.19,0,0.68,0.55
252,874.44026,1.35,5.12,5.99,3.19,0.38,0.42,1.56,0.58,0,0,0,0,0,0,0,0,1.17,0.54,0,0,0,0,0.34,0.65,0,0.57,0.22
253,732.86505,1.52598,15.9,1.89,10.3,2.25,3.72,0.34,33.73,0.26,1.16,0.59,0,2.29,0,0,0,0.32,0,0,0,0,0,0,0,0,0,0
254,730.46207,1.78031,18.59,2.51,15.87,6.93,3.98,0.48,1.83,0.39,0,0,0,0.1,0,0,0,1.37,1.56,0,0,0,0,0,0,0,0.24,0
255,759.43815,0.7016,13.57,2.62,5.79,1.21,2.12,0.48,20.18,0.14,0.62,0.3,0,1.23,0,0,0,0.6,0,0,0,0,0,0,0.1,0,0.14,0
256,871.4628,2.35,14.49,8.37,4.91,0.48,0.7,2.04,0.45,0.09,0.07,0,0,0,0,0,0,2.02,2.12,0,0,0,0,0.38,1.26,0,0.94,0.64
257,839.13167,1.1,3.72,18.06,13.73,1.03,1.59,4.7,1.36,0.22,0.05,0,0,0,0,0,0,2.48,1.02,0,0,0,0,0.32,0,0,0.81,0.64
258,743.6083,0,25.75,5.44,18.09,3.29,3.49,1.14,3.29,0.42,0.14,0,0,0.2,0,0,0,1.87,3.28,0,0,0,0,0,0.26,0,0.14,0.13
259,726.20862,0.32449,12.88,3.26,15.81,2.24,3.08,0.7,17.3,0.33,0.54,0.31,0,0.97,0,0,0,1.33,1.82,0,0,0,0,0,0.16,0,0.27,0.05
260,747.48464,1.43828,29.88,4.81,19.34,1.86,2.73,0.84,1.66,0.38,0.09,0,0,0,0,0,0,2.4,0.58,0,0,0,0,0,0,0,0.28,0.07
261,780.89578,1.47,7.79,18.29,15.5,1.13,1.88,4.66,2.9,0.3,0.11,0.09,0,0.13,0,0,0,2.94,0.42,0,0,0,0,0.74,0.43,0,2.78,0.33
262,760.90862,1.68,8.05,26.53,11.86,1.29,1.5,6.52,2.75,0.22,0.1,0.06,0,0.13,0,0,0,3.22,0.59,0,0,0,0,0,0.11,0,1.91,0.79
263,761.63189,1.66,6.02,25.64,15.22,0.75,1.57,7.34,0.54,0.24,0,0,0,0,0,0,0,2.94,0.11,0,0,0,0,0,0.09,0,3.08,0.6
264,800.75884,1.17,15.78,15.81,8.26,5.44,2.58,4.23,1.1,0.21,0,0,0,0.06,0,0,0,4.46,3.16,0.04,0,0.08,0,0,0.13,0,2.48,0.8
265,805.81391,0.74545,37.84,3.53,9.56,1.18,1.98,0.77,3.58,0.24,0.17,0.1,0,0.23,0,0,0,1.86,3.01,0,0,0,0,0,0.14,0,0.23,0.05
266,736.29412,0.39465,11.75,1.97,10.76,1.45,2.74,0.39,23.4,0.24,0.65,0.43,0,1.22,0,0,0,1.12,0,0,0,0,0,0,0.34,0,0.26,0
267,758.37698,0.55251,26.62,2.32,5.81,7.84,4.5,0.62,1.93,0.28,0,0.05,0,0.11,0,0,0,0.88,0,0,0,0,0,0,0,0,0.41,0.09
268,776.22999,1.9,6.53,5.85,3.85,0.3,0.52,1.56,1.61,0.06,0,0.06,0,0.06,0,0,0,1.97,0.61,0,0,0,0,2.04,0.12,0,1.14,1.63
269,762.99,1.87678,44.78,3.32,3.76,1.51,1.96,0.65,14.09,0.12,0.53,0.33,0,0.9,0,0,0,0.59,9.3,0,0,0,0,0,0.57,0.13,0.15,0
270,977.42159,0,4.97,3.05,3.88,0.38,0.8,0.83,0,0.13,0,0,0,0,0,0,0,1.42,0,0,0,0,0,0,0,0,0.5,0.18
271,777.32836,1.18,4.48,21.29,10.74,1.2,1.5,5.51,4.2,0.21,0.12,0,0,0.18,0,0,0,3.54,0.61,0,0,0,0,0.6,0.08,0,1.44,0.9
272,751.59472,1.4,15.98,19.9,13.31,1.73,3,4.77,35.27,0.23,0.91,0.54,0,1.68,0,0,0,1.89,3.75,0,0,0.1,0.07,0.35,1.05,0,1.33,0.54
273,831.65979,0.87,7.91,25.79,17.85,1.09,2.11,6.72,1.42,0.32,0,0,0,0.07,0,0,0,6.73,0.1,0,0,0,0.09,0,0,0,3.85,0.9
274,728.97904,1,6.09,13.6,14.08,1.75,2.52,3.36,14.96,0.28,0.38,0.3,0,0.59,0,0,0,3.44,2.89,0,0,0.08,0.09,0.54,0.31,0,1.43,0.61
275,755.14085,1.23657,16.23,3.46,20.49,2.77,3.28,0.85,1.22,0.48,0.08,0,0,0,0,0,0,1.49,2.42,0,0,0,0,0,0.09,0,0.15,0.04
276,890.4337,1.34,6.71,20.77,10.69,0.67,1.18,5.94,1.73,0.18,0,0,0,0.07,0,0,0,3.62,0.32,0,0,0,0,0,0.05,0,2.16,0.52
277,869.72532,1.23,6.82,19.26,13.02,1.09,1.78,5.29,3.23,0.26,0,0.06,0,0.12,0,0,0,3.58,0.75,0,0,0,0.08,0.08,0.07,0,1.9,0.58
278,715.2812,0.84192,11.18,4.44,19.98,1.84,3.21,1.22,0.23,0.52,0,0,0,0,0,0,0,1.21,0,0,0,0,0,0,0,0,0.45,0
279,739.5741,0,32.52,2.5,13.21,2.21,2.74,0.59,6.61,0.33,0.24,0.12,0,0.44,0,0,0,1.17,4.93,0,0,0,0,0,0.18,0,0.15,0.04
280,776.47167,1.64,9.88,19.93,14.57,2.17,2.42,4.82,7.4,0.31,0.22,0.13,0,0.36,0,0,0,3.29,1.36,0,0,0,0,0.73,0.13,0,1.01,0.83
281,858.20429,1.47,22.65,18.36,12.06,2.95,2.27,4.81,2.93,0.26,0.11,0.07,0,0.15,0,0,0,4.39,3.1,0.05,0,0,0,0,0.2,0,2.34,0.84
282,798.8682,1.76,16.19,18.57,8.01,1.21,1.24,5.09,4.36,0.14,0.13,0.09,0,0.16,0,0,0,4.43,1.16,0,0,0.1,0,0.14,0.15,0,1.49,0.74
283,694.52261,0,35.26,1.89,6.83,0.85,1.62,0.41,5.17,0.2,0.22,0.11,0,0.3,0,0,0,1.38,1.75,0,0,0,0,0,0,0,0.15,0.1
284,767.05928,0.95593,9.21,4.34,27.48,3.29,4.45,0.86,0.76,0.64,0,0,0,0,0,0,0,1.76,1.16,0,0,0,0,0,0,0,0.26,0
285,686.6033,0,49.35,1.49,4.61,1.51,0.89,0.28,0.1,0.13,0,0,0,0,0,0,0,0.84,8,0,0,0,0,0.09,1.43,0,0.19,0
286,728.12048,1.73646,36.58,3.06,12.2,1.27,1.92,0.73,1.88,0.26,0.1,0,0,0.11,0,0,0,2.28,1.17,0,0,0,0,0.06,0.07,0,0.24,0
287,718.7015,0.77176,35.17,2.89,10.92,2.48,2.72,0.65,10.87,0.25,0.38,0.2,0,0.61,0,0,0,1.88,6.74,0,0,0,0,0,0.31,0,0.33,0
288,759.02596,0.36834,16.65,3.18,21.78,2.35,3.43,0.55,3.37,0.46,0.14,0,0,0.19,0,0,0,1.79,0.68,0,0,0,0,0,0.11,0,0.08,0
289,723.20928,1.19272,31.74,4.78,14.09,3.4,3.53,0.96,13.02,0.31,0.42,0.23,0,0.82,0,0,0,1.4,0.79,0,0,0,0,0,0.19,0.08,0.35,0
290,737.51315,1.71015,60.19,3.01,8.09,1.54,1.19,0.65,0.69,0.2,0.12,0,0,0,0,0,0,1.24,10.85,0,0,0,0,0.07,0.71,0,0.27,0.1
291,736.42567,1.53475,35.36,3.99,12.2,5.21,4.07,0.97,10.21,0.22,0.25,0.2,0,0.37,0,0,0,0.49,1.02,0,0,0,0,0,0.07,0,0.24,0
292,749.93147,1.78908,10.85,3.67,16.38,1.97,2.57,1,0.51,0.4,0,0,0,0,0,0,0,1.05,0.86,0,0,0,0,0,0,0,0.5,0.13
293,712.14154,5.18307,19.13,6.71,17.11,1.55,2.59,1.36,3.43,0.36,0.13,0.07,0,0.18,0,0,0,1.88,0.36,0,0,0,0,0,0.09,0,0.46,0.09
294,962.47734,0,16.41,1.73,3.36,0.53,0.41,0.45,0.3,0.08,0,0,0,0,0,0,0,0.49,1.95,0,0,0,0,0.05,0.36,0,0.15,0
295,763.52497,1.56106,34.98,3.47,12.94,1.66,2.48,0.77,9.13,0.29,0.29,0.15,0,0.54,0,0,0,1.11,0,0,0,0,0,0,0,0,0.29,0.05
296,762.30594,0.94716,41.33,2.48,6.7,2.38,1.5,0.57,1.01,0.17,0.1,0,0,0,0,0,0,1.26,3.84,0,0,0,0,0.11,0.39,0,0.18,0.06
297,737.31144,1.61368,8.28,2.28,14.16,1.26,2.06,0.53,3.71,0.32,0.14,0.09,0,0.22,0,0,0,1.07,1.03,0,0,0,0,0,0,0,0.22,0
298,702.93304,1.56983,25.79,2.71,11.76,3.82,2.58,0.59,0.77,0.3,0.07,0,0,0,0,0,0,1.18,6.67,0,0,0,0,0,0.2,0,0.18,0
299,704.85336,1.92063,28.07,3.76,8.42,6.1,4.21,0.99,12.42,0.25,0.38,0.25,0,0.68,0,0,0,1.44,0,0,0,0,0,0.06,0.16,0,0.47,0.06
300,719.96438,8.54198,17.77,5.42,9.84,2.23,2.95,1.05,7.73,0.33,0.27,0.16,0,0.52,0,0,0,1.39,0,0,0,0,0,0,0.08,0,0.34,0
301,721.08694,1.50844,18.68,3.69,13.21,1.26,2.16,0.83,3.86,0.33,0.18,0.1,0,0.22,0,0,0,1.83,1.23,0,0,0,0,0,0.06,0,0.46,0
302,774.50501,1.41197,16.13,3.19,8.35,1.14,1.58,0.77,4.07,0.19,0.15,0.09,0,0.23,0,0,0,1.76,1.81,0,0,0,0,0.1,0.1,0,0.22,0.07
303,783.44164,0.39465,10.98,5.54,16.6,1.13,2.16,0.99,1.38,0.35,0.06,0,0,0.08,0,0,0,2.49,0.07,0,0,0,0,0,0,0,0.4,0
304,761.87621,0.7016,26.07,5.47,21,2.4,3.21,1.18,1.12,0.46,0.08,0,0,0,0,0,0,2.07,4.14,0,0,0,0,0,0.27,0,0.24,0
305,775.268,1.08748,40.41,4.28,15.12,1.12,2.32,0.87,0.2,0.33,0,0,0,0,0,0,0,1.18,3.53,0,0,0,0,0,0.24,0,0.37,0.07
306,747.87929,0.58759,17.25,3.49,12.86,1.4,2.91,0.78,27.49,0.26,0.83,0.51,0,1.46,0,0,0,1.48,6.99,0,0,0.1,0,0,0.27,0.18,0.67,0
307,734.09285,1.71892,24.84,3.37,12.57,3.13,2.96,0.76,3.94,0.29,0.14,0.08,0,0.21,0,0,0,1.93,0.16,0,0,0,0,0,0,0,0.34,0
308,956.56442,0,11.65,3.81,6.25,1.28,1.29,0.95,2.06,0.13,0.07,0,0,0.1,0,0,0,1.57,0.11,0,0,0,0,0,0,0,0.44,0
309,725.75258,0.22802,16.75,3.28,16.49,2.41,3.47,0.63,25.84,0.36,0.77,0.47,0,1.38,0,0,0,1.17,1.26,0,0,0.07,0,0,0.08,0.08,0.32,0.06
310,740.81067,0.51743,29.38,4.71,16.36,1.25,2.31,0.93,1.06,0.34,0.05,0,0,0,0,0,0,2.23,0.33,0,0,0,0,0,0,0,0.47,0
311,761.73589,0.18417,40.05,3.91,12.12,1.39,2.3,0.8,3.21,0.29,0.14,0.09,0,0.22,0,0,0,1.63,2.71,0,0,0,0,0,0.13,0,0.33,0.05
312,817.4514,1.08,5.9,17.72,9.89,0.65,1.15,4.78,2.84,0.16,0.09,0,0,0,0,0,0,3.52,0.33,0,0,0,0,0.18,0.17,0,2.51,0.51
313,816.1691,1.14,8.52,21.36,14.85,1.09,1.97,5.84,8.36,0.28,0.24,0.18,0,0.36,0,0,0,4.82,0.43,0,0,0,0.08,0.19,0.28,0,2.87,0.69
314,830.35539,2.13,10.32,15.37,10.29,1.07,1.47,4.15,1.58,0.2,0.11,0,0,0,0,0,0,3.49,1.75,0,0,0,0,0.67,0.38,0,1.26,0.62
315,702.53839,0.21925,5.07,5.51,24.76,3.48,3.7,1.22,0.59,0.52,0.06,0,0,0,0,0,0,2.39,2.34,0,0,0,0,0.09,0,0,0.23,0.14
316,719.65743,0.49989,52.79,2.62,10.72,2.6,2.36,0.67,2.23,0.25,0.12,0,0,0.14,0,0,0,1.47,6.24,0,0,0,0,0.07,0.1,0,0.34,0.05
317,727.04177,2.67485,53.06,3.62,10.53,1.85,2.19,0.85,0.81,0.29,0.11,0,0,0,0,0,0,1.26,6.02,0,0,0,0,0.06,0.94,0,0.26,0.05
318,819.51832,1.36,24.68,12.18,5.45,2.64,2.83,3.83,34.41,0.1,0.83,0.61,0,1.27,0,0,0,1.17,3.14,0,0,0.22,0,1.16,0.37,0,0.92,0.41
319,736.25904,2.0171,52.31,4.34,11.39,2.8,2.69,1.1,5.11,0.26,0.21,0.11,0,0.28,0,0,0,2.15,6.21,0,0,0,0,0.12,0.19,0,0.52,0.09
320,815.36985,1.58,14.52,6.65,3.48,1.66,1.73,2.2,21.41,0.08,0.57,0.45,0,0.83,0,0,0,0.64,1.72,0,0,0.12,0,0.67,0,0,0.72,0.26
321,747.31801,1.93817,57.95,4.06,15.05,2.1,2.63,0.93,1.5,0.34,0.2,0,0,0.09,0,0,0,3.08,1.31,0,0,0,0,0.15,0.11,0,0.34,0.1
322,734.71552,1.56983,15.77,9.75,23.02,1.68,3.09,2.25,2.42,0.43,0.12,0,0,0.12,0,0,0,2.88,0.54,0,0,0,0,0,0.13,0,0.69,0.06
323,766.15597,1.50844,44.94,3.25,12.48,1.4,1.65,0.67,0.93,0.29,0.06,0,0,0.06,0,0,0,0.89,5.79,0,0,0,0,0.04,0.13,0,0.52,0.04
324,744.4853,2.18373,7.13,2.17,12.24,1.33,1.78,0.52,0.38,0.26,0,0,0,0,0,0,0,0.92,0.95,0,0,0,0,0,0,0,0.11,0.05
325,756.62298,2.40298,46.61,1.3,10.96,1.52,2.42,0.26,3.35,0.28,0.16,0.08,0,0.27,0,0,0,0.38,4.99,0,0,0,0,0,0.06,0,0.1,0
326,759.52585,0.28941,7.08,4.88,28.23,3.15,4.18,1.23,3.38,0.6,0.13,0.09,0,0.18,0,0,0,1.6,1.52,0,0,0,0,0,0,0,0.17,0.06
327,747.48464,0.55251,6.14,4.97,23.35,4.65,4.32,1.08,0.27,0.57,0,0,0,0,0,0,0,1.05,1.88,0,0,0,0,0,0,0,0.06,0.06
328,743.64105,108.82604,25.7,9.41,11.02,1.35,1.46,2.14,1.68,0.22,0.1,0,0,0.08,0,0,0,3.02,3.93,0,0,0,0,0.45,0.65,0,1.06,0.38
329,902.28212,0,8.41,9.07,25.15,3.25,4.02,1.96,3.95,0.53,0.14,0.09,0,0.27,0,0,0,2.72,2.78,0.07,0,0,0,0.13,0.32,0.09,0.23,0.14
330,959.66383,0,12.46,6.9,19.38,1.25,2.6,1.51,7.16,0.33,0.2,0.12,0,0.38,0,0,0,2.89,0.5,0.05,0,0,0,0,0.36,0.08,0.46,0.07
331,776.17131,1.17518,24.31,3.89,20.41,1.48,2.83,0.86,0.37,0.39,0,0,0,0,0,0,0,1.99,0,0,0,0,0,0,0.07,0,0.35,0.04
332,779.55653,1.42951,20.13,3.09,14.67,1.29,2.4,0.66,5.05,0.33,0.24,0.11,0,0.28,0,0,0,2.09,1.66,0,0,0,0,0,0.1,0,0.29,0.1
333,760.68349,0.6139,23.99,3.31,19.29,1.47,2.72,0.75,0.39,0.4,0,0,0,0,0,0,0,1.52,0,0,0,0,0,0,0.05,0,0.34,0.03
334,748.63351,1.41197,42.38,5.36,15.6,7.65,5.43,1.47,3.22,0.44,0.17,0.1,0,0.18,0,0,0,1.21,1.59,0,0,0,0,0,0.33,0,0.47,0.16
335,760.56948,1.81539,7.65,1.91,9.06,2.03,1.8,0.38,3.39,0.23,0.12,0.07,0,0.21,0,0,0,0.65,0.59,0,0,0,0,0,0,0,0.13,0
336,767.6381,3.31506,45.89,2.8,10.64,2.48,2.33,0.65,1.87,0.22,0.11,0.05,0,0.11,0,0,0,1.97,1.55,0,0,0,0,0.05,0.15,0,0.28,0.1
337,761.18592,2.79117,8.66,22.36,18.93,1.68,2.27,6.72,4.04,0.34,0.13,0.08,0,0.18,0,0,0,2.29,0.91,0,0,0.08,0,0.32,0.11,0,3.02,0.71
338,736.5923,1.61368,21.89,2.11,7.89,1.61,2.81,0.42,26.67,0.17,0.82,0.41,0,1.65,0,0,0,0.53,0,0,0,0,0,0,0.05,0,0.1,0
339,719.8416,0,54.03,3.58,5.79,2.12,2.54,0.78,11.63,0.17,0.45,0.25,0,0.75,0,0,0,1.32,7.15,0,0,0,0,0.12,0.53,0,0.21,0.04
340,771.26011,8.27011,8.05,5.69,15.51,2.35,2.77,1.15,1.65,0.39,0.07,0.06,0,0.1,0,0,0,1.54,1.15,0,0,0,0,0,0,0,0.22,0.05
341,765.83148,1.15764,16.83,3.74,16.82,1.71,2.81,0.65,8.99,0.36,0.33,0.17,0,0.55,0,0,0,1,0,0,0,0,0,0,0.09,0,0.09,0.06
342,732.61072,0.24556,13.09,4.65,18.96,2.52,3.03,1.08,0.3,0.38,0.07,0,0,0,0,0,0,2.01,2.58,0,0,0,0,0.05,0.08,0,0.29,0.07
343,716.8598,0.64021,13.8,1.49,16.95,2.66,3.07,0.3,1.42,0.38,0.06,0.04,0,0.09,0,0,0,0.49,1.03,0,0,0,0,0,0.05,0,0.13,0
344,738.01304,0.55251,21,2.37,7.65,2.42,4.33,0.54,51.08,0.18,1.56,0.83,0,3.2,0,0,0,0.57,0,0,0,0.14,0,0.06,0.17,0,0.42,0.03
345,687.47153,36.93047,28.26,7.02,10.98,2.81,3.79,1.49,35.38,0.23,1.03,0.63,0,1.95,0,0,0,1.35,2.86,0,0,0.12,0,0.07,0.41,0,0.46,0.08
346,756.78961,0.24556,9.16,9.66,21.99,4.54,4.5,2.22,5.22,0.51,0.19,0.13,0,0.29,0,0,0,1.55,2.92,0,0,0.06,0,0.1,0.33,0,0.27,0.06
347,720.74491,1.83293,21.08,3.02,12.06,2.02,3.07,0.64,21.25,0.23,0.62,0.39,0,1.11,0,0,0,1.76,7.21,0,0,0.07,0,0.1,0.51,0.16,0.41,0.11
348,746.08144,1.78031,15.83,4.64,13.87,4.08,3.99,1.13,17.06,0.32,0.46,0.28,0,0.83,0,0,0,2,1,0,0,0.07,0,0.1,0.76,0,0.47,0.12
349,740.9773,1.85047,11.18,8.04,25.44,2.16,3.72,2.07,0.32,0.53,0.04,0,0,0,0,0,0,1.98,0.49,0,0,0,0,0,0.04,0,0.65,0.04
350,743.04702,2.4556,37.29,7.73,25.94,1.92,2.97,1.74,0.49,0.55,0.05,0,0,0,0,0,0,3.96,0.39,0,0,0,0.08,0,0.07,0,0.68,0.06
351,773.01411,1.04363,22.73,5.45,18.64,3.02,3.62,1.42,0.32,0.45,0.09,0.03,0,0,0,0,0,2.96,3.21,0,0,0,0,0.09,0.89,0,0.41,0.09
352,759.28906,0.56128,16.1,8.97,20.15,1.55,2.75,1.9,2.18,0.38,0.09,0.06,0,0.11,0,0,0,4.19,0.39,0,0,0,0,0,0.08,0,0.65,0.08
353,746.02882,0.60513,9.31,5.22,19.16,1.29,2.38,1.07,0.64,0.36,0.04,0.03,0,0.03,0,0,0,2.85,0.08,0,0,0,0,0,0,0,0.37,0
354,763.47235,0.89454,13.42,7.38,19.27,1.65,2.44,1.4,1.11,0.37,0.06,0.04,0,0,0,0,0,3.38,0.42,0,0,0,0,0,0.09,0,0.47,0.08
355,733.56665,1.754,8.05,2.21,23.66,3.15,4.24,0.46,0.58,0.61,0,0,0,0,0,0,0,0.61,1.72,0,0,0,0,0,0,0,0,0
356,720.13978,0.33326,18.38,11.5,12.69,0.95,1.86,2.17,0.16,0.26,0.04,0,0,0,0,0,0,1.24,0.05,0,0,0,0,0,0.07,0,0.31,0.11
357,741.31056,1.85047,17.47,6.82,15.95,1.7,2.87,1.68,13.34,0.32,0.41,0.24,0,0.7,0,0,0,2.6,0,0,0,0,0,0,0.15,0,0.53,0.06
358,730.96196,2.79763,4.57,8.76,25.74,2.78,3.84,2.02,0.84,0.5,0.05,0,0,0,0,0,0,1.56,1.49,0,0,0.05,0,0,0,0,0.42,0.08
359,748.54192,1.62245,9.01,6.01,28.97,2.93,4.42,1.65,0.35,0.65,0,0,0,0,0,0,0,2.04,0.91,0,0,0,0,0,0,0,0.42,0.13
360,728.39235,0.91208,33.07,3.59,13.04,1.99,2.62,0.71,6.96,0.3,0.25,0.13,0,0.4,0,0,0,2.4,4.23,0,0,0,0,0,0.15,0.06,0.33,0.06
361,747.08122,0.82438,21.15,2.4,11.36,1.87,3.19,0.54,22.82,0.26,0.75,0.39,0,1.47,0,0,0,0.86,0.62,0,0,0,0,0,0.07,0.06,0.09,0
362,749.3088,1.33304,10.55,3.11,20.88,2.05,3.27,0.61,3.53,0.48,0.11,0.07,0,0.19,0,0,0,1.33,0.7,0,0,0,0,0,0,0,0.15,0
363,739.49517,0.57882,20.03,2.84,17.72,3.4,3.95,0.69,13.63,0.42,0.4,0.24,0,0.77,0,0,0,0.96,2.05,0,0,0,0,0.06,0,0,0.21,0.08
364,800.13972,0.35957,10.29,3.23,22.68,4.27,4.14,0.7,0.64,0.51,0.1,0,0,0,0,0,0,1.58,2.39,0,0,0,0,0,0.35,0,0.13,0.04
365,749.46666,1.4909,11.2,3.12,17.37,1.38,2.68,0.62,4.18,0.36,0.15,0.09,0,0.25,0,0,0,1.41,0.35,0,0,0,0,0,0.05,0,0.22,0.03
366,781.2316,1.65753,11.63,6.65,24.54,3.54,4.21,1.26,0.49,0.53,0.08,0,0,0,0,0,0,2.94,2.76,0,0,0,0,0.03,0.11,0,0.1,0.08
367,736.49583,1.91186,10.25,3.14,19.25,1.95,3.17,0.64,10.03,0.39,0.33,0.2,0,0.58,0,0,0,1.42,0.91,0,0,0,0,0,0.15,0,0.2,0.13
368,745.89727,1.46459,9.35,11.28,19.04,1.87,2.89,2.53,0.28,0.4,0.04,0,0,0,0,0,0,3.07,0.76,0,0,0,0,0.06,0.05,0,0.76,0.1
369,759.63986,1.77154,43.41,2.08,11.31,4.36,3.28,0.38,0.43,0.27,0.05,0,0,0,0,0,0,0.42,4.62,0,0,0,0,0,0.57,0,0.08,0.11
370,750.07179,2.21881,50.01,3.21,5.63,1.41,1.24,0.72,0.14,0.15,0.06,0,0,0,0,0,0,1.35,6.73,0,0,0,0,0.12,0.63,0,0.37,0.16
371,734.84436,1.75,8.16,22.39,10.15,1.31,1.79,6.52,9.5,0.2,0.26,0.17,0,0.39,0,0,0,3.1,1.3,0.06,0,0.08,0,0.14,0.22,0,1.54,0.8
372,825.75559,1.65,15.06,16.58,11.78,1,1.74,4.37,2.26,0.21,0.23,0.05,0,0.1,0,0,0,2.55,1.11,0,0,0.05,0,0,0.1,0,1.74,0.5
373,697.73113,1.78,10.32,34.99,6.8,0.54,0.95,9.51,0.33,0.15,0,0,0,0,0,0,0,1.78,0.15,0.05,0,0,0.17,0,0.05,0,2.37,1.17
374,775.46806,1.53,30.18,11.34,11.62,0.78,1.62,3.16,1.97,0.19,0.1,0.05,0,0.08,0,0,0,4.71,1.02,0,0,0,0.12,1.83,0.18,0,2.67,0.82
375,801.39354,1.34,10.03,18.12,11.83,1.14,1.94,5.01,7.68,0.23,0.27,0.15,0,0.31,0,0,0,3.16,0.66,0,0,0,0.1,0.11,0.22,0,2.28,0.51
376,858.12216,1.81,8.94,14.65,16.81,2.21,2.84,3.95,1.26,0.35,0.8,0.05,0,0.06,0,0,0,0.78,2.07,0,0,0,0,0,0,0,2.1,0.06
377,771.45944,1.76,20.99,23.31,12.89,0.87,1.86,6.75,0.41,0.23,0,0,0,0,0,0,0,5.14,0,0.07,0,0,0.17,0,0.05,0,3.02,0.51
378,822.77472,1.46,10.15,20.25,13.87,1.2,2.19,5.1,2.13,0.3,0.1,0.05,0,0.11,0,0,0,5.12,0.37,0.09,0,0.07,0.1,0,0,0,2.13,1.47
379,790.88056,1.67,9.53,29.04,11.06,0.97,1.81,7.03,5.58,0.21,0.17,0.11,0,0.26,0,0,0,2.98,0.66,0,0,0,0,0.06,0.32,0,1.84,0.43
380,950.13923,0,23.16,4.34,7.55,0.71,0.89,0.99,0.79,0,0,0,0,0,0,0,0,1.49,0.72,0,0,0,0,0,0,0,0.34,0
381,953.04592,0,10.83,3.32,3.01,1.66,1.51,0.76,11.37,0,0.29,0.16,0,0.67,0,0,0,0.98,0.36,0,0,0,0,0,0.34,0,0.19,0
382,928.81715,0.23,8.45,3.97,5.39,0.76,1.11,0.83,8.75,0,0.23,0.17,0,0.44,0,0,0,1.1,3.33,0,0,0,0,0,0.53,0,0.16,0
383,723.7004,1.49967,29.35,3.77,16.21,2.66,3.02,0.76,3.8,0.35,0,0,0,0,0,0,0,1.32,1.67,0,0,0,0,0,0,0,0.3,0
384,866.88733,1.03,2.1,17.43,4.58,0,0.45,5.28,1.24,0,0,0,0,0,0,0,0,1.96,0,0,0,0,0,0,0,0,1.32,0.6
385,752.65017,1.74523,9.46,3.08,18.17,1.71,2.59,0.62,1.58,0.38,0,0,0,0,0,0,0,1.15,0.67,0,0,0,0,0,0,0,0,0
386,735.90824,2.03464,18.65,3.15,12.71,1.36,2.07,0.64,5.06,0.28,0,0,0,0.31,0,0,0,1.41,2.67,0,0,0,0,0,0.57,0,0,0
387,899.46694,5.21,2.2,17.29,7.23,0.51,0.78,5.08,0.77,0,0,0,0,0,0,0,0,1.9,0.71,0,0,0,0,0.73,0,0,1.66,0.57
388,735.75038,1.62245,10.64,1.97,16.71,1.5,2.14,0.44,0.98,0.31,0,0,0,0,0,0,0,1.64,0.93,0,0,0,0,0,0,0,0,0
389,724.72649,1.5786,8.77,3.39,15.39,1.54,2.3,0.59,6.87,0,0,0,0,0.37,0,0,0,0.72,0.9,0,0,0,0,0,0.57,0,0,0
390,940.59678,0,15.61,6.03,9.93,1.91,2.06,1.5,11,0,0,0,0,0.6,0,0,0,1.22,0.36,0,0,0,0,0,0,0,0.5,0
391,734.51749,1.46,12.56,16.01,13.68,1.15,2.09,4.26,20.67,0,0.48,0.46,0,0.73,0,0,0,2.67,1.12,0,0,0,0.33,0,0.58,0,2.44,1.42
392,763.46786,1.71,3.2,20.49,8.24,0.4,0.78,7.35,1.77,0,0,0,0,0,0,0,0,2.71,0.47,0,0,0,0,0,0,0,4.23,0
393,780.31018,1.47,2.68,17.84,6.38,0,0.56,5.09,0.82,0,0,0,0,0,0,0,0,2.93,0,0,0,0,0,0,0,0,2.9,0.86
394,800.43503,1.61,3.98,11.34,6.73,0.59,0.92,3.3,2.06,0,0,0,0,0,0,0,0,2.1,1.16,0,0,0,0,1.5,0.62,0,0.96,1.11
395,829.52972,1.64,5.13,9.58,7.2,0.9,1.02,3.16,0.42,0,0,0,0,0,0,0,0,1.64,0.66,0,0,0,0,0.7,0,0,0.71,0.91
396,740.22308,1.63999,11.26,2.3,13.07,1.67,2.01,0.44,2.6,0,0,0,0,0,0,0,0,1.14,1.07,0,0,0,0,0,0,0,0,0
397,735.34696,1.64876,25.95,3.72,13.79,2.31,2.36,0.7,0.57,0.29,0,0,0,0,0,0,0,1.4,3.12,0,0,0,0,0,0.29,0,0.25,0
398,746.80058,1.41197,9.67,3.21,24.58,3.75,4.03,0.65,1.72,0.47,0,0,0,0,0,0,0,1.76,2.66,0,0,0,0,0,0,0,0,0
399,746.49363,3.04319,12.57,3.11,16.87,1.56,2.34,0.59,2.43,0,0,0,0,0,0,0,0,1.65,1.72,0,0,0,0,0,0,0,0,0
400,752.06258,2.13988,6.27,4.73,16.23,1.97,2.41,0.92,2.1,0,0,0,0,0,0,0,0,0,1.14,0,0,0,0,0,0,0,0,0
401,738.20598,1.67507,19.9,3.46,15.75,2.28,2.78,0.69,3.28,0.36,0,0,0,0,0,0,0,1.78,3.01,0,0,0,0,0,0.25,0,0,0
402,858.88638,1.13,7.27,14.55,4.68,0.36,0.57,4.53,4.83,0,0,0,0,0,0,0,0,1.91,1.69,0,0,0,0,0.38,0,0,2.86,0.71
403,838.98935,1.26,4.74,16.09,6.47,0.42,0.76,4.37,1.38,0,0,0,0,0,0,0,0,3.01,1.02,0,0,0,0,0.78,0.27,0,1.84,1.11
404,853.78718,1.55,6.01,17.94,4.72,0.28,0.53,5.01,0.74,0,0,0,0,0,0,0,0,3.63,1.24,0,0,0,0,1.85,1.82,0,2.31,1.2
405,886.38451,1.06,7.91,10.38,8.68,0.6,1.01,2.54,3.03,0,0,0,0,0,0,0,0,1.59,0.54,0,0,0,0,0,0,0,1.14,0.66
406,857.05777,1.17,4.61,33.96,6.47,0.66,0.83,9.87,0.79,0,0,0,0,0,0,0,0,0.85,0.39,0,0,0,0,0,0,0,1.94,0.34
407,957.60587,0,18.02,5.91,7.2,2.83,2.1,1.41,0.88,0,0,0,0,0,0,0,0,0.95,0.2,0,0,0,0,0,0,0,0.37,0
408,729.61138,2.02587,16.82,2.9,12.74,1.54,2.6,0.58,22.72,0,0.56,0.36,0,1.14,0,0,0,0.9,2.05,0,0,0,0,0,0,0,0,0
409,719.46449,2.13988,16.64,2.79,9.98,1.84,1.78,0.58,0.42,0.23,0,0,0,0,0,0,0,1.13,2.58,0,0,0,0,0,0,0,0,0
410,746.33577,1.6663,22.39,4.42,15.14,1.71,2.35,0.93,3.67,0,0,0,0,0,0,0,0,1.17,3.72,0,0,0,0,0,0,0,0.38,0
411,829.43041,1.27,8.57,11.75,3.71,0.54,0.61,3.46,1.24,0,0,0,0,0,0,0,0,1.87,0.86,0,0,0,0,1.21,0,0,2.4,0
412,866.33512,1.23,5.92,17.43,7.39,0.56,0.89,4.85,2.44,0.14,0,0,0,0.14,0,0,0,2.12,0.57,0,0,0,0,0,0,0,1.63,1.55
413,746.47609,1.86801,25.31,3.19,11.37,1.51,1.8,0.68,2.09,0,0,0,0,0,0,0,0,1.57,2.8,0,0,0,0,0,0,0,0,0
414,733.75959,1.71892,10.95,2.74,20.46,1.5,2.68,0.56,0.71,0.39,0,0,0,0,0,0,0,1.35,0.74,0,0,0,0,0,0,0,0.18,0
415,716.63178,2.18373,12.15,2.71,13.17,2.23,2.55,0.51,12.51,0.29,0,0,0,0.62,0,0,0,1.12,2.02,0,0,0,0,0,0,0,0,0
416,804.91141,1.5,6.93,9.36,4.25,0.57,0.63,2.76,0.43,0,0,0,0,0,0,0,0,1.85,1.61,0,0,0,0,0.8,0,0,1.04,0.75
417,737.36536,1.8,9.03,15.28,9.81,0.79,1.29,4.2,6.22,0,0,0,0,0.26,0,0,0,3.77,0.93,0,0,0,0,0.91,0.4,0,1.51,1.31
418,954.22004,0,19.49,4.06,8.75,1.37,1.34,0.96,0.98,0,0,0,0,0,0,0,0,1.94,1.03,0,0,0,0,0,0,0,0.33,0
419,766.59447,1.79785,10.74,2.34,13.26,1.06,1.75,0.44,0.63,0.26,0,0,0,0,0,0,0,1.42,0.3,0,0,0,0,0,0,0,0,0
420,722.60415,1.37689,20.84,3.49,14.63,1.91,2.36,0.7,0.98,0.32,0,0,0,0,0,0,0,1.27,2.2,0,0,0,0,0,0,0,0,0
421,722.77955,1.30673,19.56,3.67,17.78,1.68,2.43,0.73,1.05,0.38,0,0,0,0,0,0,0,1.64,1.08,0,0,0,0,0,0,0,0,0.15
422,826.05986,1.56,7.96,21.92,5.93,0.37,0.63,6.52,0.47,0,0,0,0,0,0,0,0,3.16,1.29,0,0,0,0,0.76,0.77,0,1.91,1.04
423,885.43845,1.07,5.62,15.1,8.18,0.72,1.03,4.25,1,0,0,0,0,0,0,0,0,2.39,0.76,0,0,0,0,0,0,0,1.66,0.65
424,914.59704,0,15.83,5.4,11.97,1.76,1.72,1.23,1.04,0,0,0,0,0,0,0,0,1.8,1.23,0,0,0,0,0,0,0,0.34,0
425,932.45881,0,17.79,4.51,4.27,0.6,0.87,0.92,1.85,0,0,0,0,0,0,0,0,1.06,3.45,0,0,0,0,0,0.41,0,0.39,0
426,752.10643,1.71892,30.57,2.25,10,3.24,2.21,0.56,2.14,0,0,0,0,0,0,0,0,0.95,3.36,0,0,0,0,0,0,0,0.19,0
427,753.38685,1.754,11.97,4.13,17.44,1.59,2.54,0.86,4.81,0.34,0,0,0,0.38,0,0,0,1.3,0.35,0,0,0,0,0,0,0,0.24,0
428,795.24284,1.01,8.44,14.63,11.52,0.94,1.52,3.91,4.04,0,0,0,0,0,0,0,0,2.88,0.96,0,0,0,0,0.59,0,0,1.62,1.22
429,924.56202,0,13.23,4.04,10.99,1.71,1.84,0.96,0.97,0,0,0,0,0,0,0,0,1.24,0.63,0,0,0,0,0,0,0,0.33,0
430,781.6964,1.36,8.38,21.41,9.29,0.97,1.31,6.26,0.9,0,0,0,0,0,0,0,0,1.76,1.52,0,0,0,0,0.98,0,0,1.91,0.87
431,738.03935,1.19272,13.65,3,15.23,2.95,3.01,0.68,6.89,0.33,0,0,0,0.41,0,0,0,0.96,2.15,0,0,0,0,0,0,0,0,0
432,724.83173,1.01732,24.12,2.82,7.89,6.29,2.61,0.69,0.76,0,0,0,0,0,0,0,0,1.23,2.7,0,0,0,0,0,0,0,0,0
433,732.295,1.29796,12.63,2.36,15.03,1.66,2.32,0.42,7.7,0,0,0,0,0.41,0,0,0,0.64,1.41,0,0,0,0,0,0,0,0,0
434,741.6211,1.26,12.49,14.92,7.53,0.51,0.88,4.05,1.45,0,0,0,0,0,0,0,0,4.17,1.2,0,0,0,0,1.91,0,0,3.23,0.83
435,756.67301,1.29,5.24,31.2,8.21,0.49,1.01,9.3,3.32,0,0,0,0,0,0,0,0,2.29,1.22,0,0,0,0,0.86,0,0,2.22,1.04
436,780.17869,1.47,4.86,15.2,5.15,0.34,0.65,4.16,1.78,0,0,0,0,0,0,0,0,1.58,1.23,0,0,0,0,1.44,0.38,0,2.34,1.13
437,726.04199,1.71015,21.11,4.18,14.06,2.33,2.8,0.82,8.57,0.32,0,0,0,0.52,0,0,0,1.1,3.23,0,0,0,0,0,0,0,0,0
438,733.61927,1.35935,19.33,2.69,19.51,2.11,2.86,0.53,2.27,0.4,0,0,0,0,0,0,0,0.95,1.51,0,0,0,0,0,0,0,0,0
439,730.42699,1.45582,17.76,3.06,14.11,3.46,3.25,0.62,6.68,0.35,0,0,0,0.41,0,0,0,0.88,5.04,0,0,0,0,0,0,0,0,0
440,757.28275,1.52,5,18.65,8.47,0.49,0.91,5.27,5.09,0,0,0,0,0,0,0,0,5.58,1.99,0,0,0,0,2.54,1.14,0,3.66,0.93
441,772.79561,1.44,6.03,12.99,6.01,0.41,0.85,3.44,10.88,0,0,0,0,0.38,0,0,0,2.31,2.14,0,0,0,0,1.98,0.81,0,1.93,1.24
442,963.26336,0,16.48,2.49,3.1,0.84,0.68,0.72,0.96,0,0,0,0,0,0,0,0,0.73,1.85,0,0,0,0,0,0,0,0.35,0
443,711.88721,1.08748,14.16,6.05,11.54,2.06,2.19,1.35,3.61,0,0,0,0,0,0,0,0,1.21,1.68,0,0,0,0,0,0,0,0.42,0.32
444,844.73671,1.6,2.36,7.7,3.85,0,0.34,2.25,0.53,0,0,0,0,0,0,0,0,1.29,0,0,0,0,0,0,0,0,2.01,0
445,700.73177,1.09625,11.21,2.39,10.22,1.16,2.12,0.46,25.31,0,0.61,0.42,0,1.2,0,0,0,0.85,0.66,0,0,0,0,0,0,0,0,0
446,721.96394,1.17518,21.94,2.85,17.71,3.06,3.34,0.53,1.56,0.32,0,0,0,0,0,0,0,1.33,1.66,0,0,0,0,0,0,0,0,0
447,763.96506,1.17,5.32,21.31,8.55,0.53,0.9,5.37,1.9,0,0,0,0,0,0,0,0,1.99,0.79,0,0,0,0,1.89,0,0,2.75,2.23
448,931.49576,0,11.52,7.89,21.13,1.96,2.54,1.73,1.82,0.57,0,0,0,0,0,0,0,2.44,0.64,0,0,0,0,0,0,0,0.51,0
449,863.94078,1.15,11.32,12.73,6.66,0.85,1.14,3.73,6.58,0,0,0,0,0,0,0,0,2.45,3.04,0,0,0,0,0.86,0.43,0,1.19,1.02
450,735.06632,1.08748,8.99,4.18,16.43,2.1,2.64,0.86,8.37,0.42,0,0,0,0.42,0,0,0,1.49,2.16,0,0,0,0,0,0,0,0,0
451,774.10697,1.27,5.26,14.58,6.57,0.6,0.8,3.85,1.78,0,0,0,0,0,0,0,0,2.65,0.67,0,0,0,0,1.78,0.28,0,1.52,1.74
452,761.28549,1.31,3.99,15.2,4.72,0.36,0.69,4.31,6.44,0,0,0,0,0,0,0,0,2.16,1.77,0,0,0,0,1.2,0.61,0,2.09,1.55
453,771.77015,2.29,18.37,23.45,10.42,1.29,2.46,6.1,20.43,0.2,0.63,0.37,0,0.97,0,0,0,2.76,1.15,0.15,0,0,0,0.35,0.3,0,1.88,1.02
454,734.74183,1.00855,12.37,3.67,9.77,1.94,2.04,0.71,9.88,0.23,0.26,0,0,0.48,0,0,0,0.91,0.35,0,0,0,0,0,0,0,0.19,0
455,794.05625,1.14,6.58,20.98,5.05,0.87,0.93,5.94,0.65,0,0,0,0,0,0,0,0,2.06,0,0,0,0,0,0.78,0,0,2.48,1.75
456,737.0308,0.98224,9.34,5.36,17.17,1.85,2.37,1.12,1.29,0.34,0,0,0,0,0,0,0,2.08,1.03,0,0,0,0,0,0,0,0.22,0
457,910.63892,0,14.36,2.96,4.89,1.32,0.92,0.79,1.06,0.12,0,0,0,0,0,0,0,1.03,1.67,0,0,0,0,0,0,0,0.32,0
458,935.56655,0,14.25,4.82,7,2.24,1.76,1.12,3.03,0.17,0.13,0,0,0.18,0,0,0,1.08,0.56,0,0,0,0,0,0,0,0.3,0
459,917.37587,0,13.48,2.94,6.36,1.99,1.52,0.89,1.16,0.15,0,0,0,0,0,0,0,0.71,0.83,0,0,0,0,0,0.11,0,0.22,0
460,926.41154,0,4.48,2.32,5.56,0.81,1.03,0.57,1.21,0.15,0,0,0,0,0,0,0,1.09,0.39,0.12,0,0,0,0,0.2,0,0.19,0
461,727.7802,1.76,14.92,14.19,6.92,0.83,1.39,3.86,20.79,0,0,0.5,0,0.78,0,0,0,1.67,5.62,0,0,0,0,0.93,0.81,0,1.91,1.27
462,742.48449,1.4,14.18,24.33,14.7,1.86,2.21,6.89,3.22,0.31,0,0,0,0,0,0,0,3.7,2.37,0,0,0,0,2,0,0,2.71,1.1
463,923.13221,0,15.51,4.35,6.69,2.43,1.79,1.01,0.82,0,0,0,0,0,0,0,0,1.11,0,0,0,0,0,0,0,0,0.33,0
464,958.13093,0,6.33,3.04,3.6,0.58,1.03,0.82,14.37,0,0.35,0,0,0.8,0,0,0,0.74,0.6,0,0,0,0,0,0,0,0.38,0
465,811.11682,1.21,4.54,17.83,6.63,0.48,0.86,5.19,5.86,0,0,0,0,0,0,0,0,2.3,0.53,0,0,0,0,0.71,0,0,1.14,1.58
466,823.8119,1,3.2,13.77,4.94,0.37,0.64,4.02,3.55,0,0,0,0,0,0,0,0,1.45,0.3,0,0,0,0,0.39,0,0,2.06,1.3
467,723.82318,1.5786,14.63,3.47,9.11,1.22,1.53,0.75,4.63,0,0,0,0,0,0,0,0,0.88,2.02,0,0,0,0,0,0,0,0,0
468,716.93873,1.2278,16.7,3.71,16.06,1.39,1.95,0.76,0.93,0.38,0,0,0,0,0,0,0,1.24,2.24,0,0,0,0,0,0,0,0,0
469,785.64464,1.45,3.95,13.24,6.07,0.56,0.8,3.72,2.98,0,0,0,0,0,0,0,0,1.58,1.86,0,0,0,0,2.37,1.13,0,1.27,0.67
470,717.6491,1.73646,14.92,1.69,7.93,1.73,1.51,0.38,0.8,0,0,0,0,0,0,0,0,0.73,0.36,0,0,0,0,0,0,0,0.25,0
471,711.5101,1.56983,8.65,2.69,10.62,1.27,1.49,0.55,1.46,0.27,0,0,0,0,0,0,0,0.83,0.34,0,0,0,0,0,0,0,0,0
472,738.57432,1.78031,12.89,2.92,14.29,2.62,2.76,0.57,3.32,0.34,0,0,0,0,0,0,0,0.86,1.58,0,0,0,0,0,0,0,0,0
473,720.22474,9.98,7.54,18.06,8.41,0.62,1.24,6.27,13.99,0,0.35,0,0,0.54,0,0,0,3.29,0.51,0,0,0,0,0.8,0,0,1.72,0.97
474,784.04305,1.75,5.22,10.55,3.15,0,0.4,2.9,3.87,0,0,0,0,0,0,0,0,1.73,0.99,0,0,0,0,1.07,1.14,0,1.59,1.93
475,821.01701,1.46,4.74,17.42,4.54,0.36,0.7,6.31,11.26,0,0,0,0,0.36,0,0,0,1.47,0.45,0,0,0,0,0.99,0,0,0.88,0.86
476,853.05926,2.72,3.64,7.35,6.37,0.81,0.81,2.15,2.24,0,0,0,0,0,0,0,0,2.33,0.84,0,0,0,0,0.74,0,0,0.83,0.6
477,664.19359,2.9,3.76,25.73,5.9,0.4,0.65,8.07,4.56,0,0,0,0,0,0,0,0,2.74,1.34,0,0,0,0,1.71,0.28,0,2.22,2.22
478,745.04658,1.92063,18.78,1.61,9.07,0.68,1.03,0.36,1.21,0,0,0,0,0,0,0,0,1.26,0,0,0,0,0,0,0,0,0.21,0
479,740.41602,1.78031,16.5,1.97,6.62,2.92,1.94,0.37,0.73,0,0,0,0,0,0,0,0,0.53,0,0,0,0,0,0,0,0,0.14,0
480,766.34014,1.47336,10.72,2,11.87,1.16,1.64,0.44,0.77,0.25,0,0,0,0,0,0,0,2.38,0.39,0,0,0,0,0,0,0,0.26,0
481,788.90217,1.66,3.19,21.57,4.92,0.37,0.57,6.4,1.17,0,0,0,0,0,0,0,0,1.43,0.35,0,0,0,0,0.89,0,0,1.29,1.52
482,760.70352,1.61,4.7,31.81,5.31,0.44,0.62,9.26,3.06,0,0,0,0,0,0,0,0,2.1,0.59,0.29,0,0,0,0.73,0,0,2.97,0.68
483,786.47358,1.24,16.31,12.26,8.67,1.39,1.28,3.29,4.62,0,0,0,0,0,0,0,0,2.07,3.91,0,0,0,0,1.61,0.71,0,2.13,0.54
484,791.41452,1.51,4.57,9.25,3.91,0.53,0.78,2.52,8.02,0,0,0.34,0,0.35,0,0,0,1,1.68,0,0,0,0,0.94,0.73,0,1.13,0.83
485,770.08266,1.49,3.45,14.71,3.66,0.31,0.56,4.13,6.98,0,0,0,0,0,0,0,0,1.99,1.76,0,0,0,0,1.23,0.75,0,1.86,1.62
486,747.98514,1.19,10.89,19.47,10.87,1.77,1.78,5.1,5.98,0,0,0,0,0,0,0,0,3.22,3.5,0,0,0,0,1.99,0,0,1.64,1.12
487,793.90887,1.29,10.99,8.76,5.33,2.45,1.35,2.5,1.43,0,0,0,0,0,0,0,0,2.16,2.2,0,0,0,0,0.91,0,0,0.91,0
488,816.54247,1.71,3.58,7.54,3.99,0.65,0.68,2.27,0.8,0,0,0,0,0,0,0,0,1.17,0.54,0,0,0,0,0.9,0,0,0.6,1.11
489,769.12827,1.47,7.24,9.68,4.29,0.42,0.59,2.66,3.34,0,0,0,0,0,0,0,0,1.24,2.02,0,0,0,0,1.28,0.42,0,1.71,0.56
490,810.82703,1.16,2.75,11.59,5.54,0.62,0.76,3.72,2.93,0,0,0,0,0,0,0,0,1.28,0.95,0,0,0,0,1.02,0,0,0.65,1.06
491,741.48596,2.27143,21.49,1.49,11.26,1.67,2.09,0.28,6.31,0.28,0.26,0,0,0.43,0,0,0,1.92,2.34,0,0,0,0,0,0.28,0,0,0
492,784.13105,1.47,3.76,15.56,11.74,0.85,1.25,4.67,0.78,0,0,0,0,0,0,0,0,3.09,1.54,0,0,0,0,1.46,0,0,1.63,0.89
493,819.24482,1.23,2.94,16.35,8.19,0.49,0.86,5.05,1.13,0,0,0,0,0,0,0,0,4.15,0.42,0,0,0,0,0,0,0,1.45,0.94
494,710.82642,1.64,5.55,20.74,7.09,0.87,1.03,5.99,6.84,0,0.24,0,0,0,0,0,0,1.4,1.68,0,0,0,0,0.5,0,0,1.83,1.29
495,731.88281,1.53475,11.83,2.79,13.02,2.29,2.31,0.58,1.8,0.3,0,0,0,0,0,0,0,0.86,3.95,0,0,0,0,0,0.69,0,0,0
496,740.20554,1.19272,19.65,1.93,8.98,1.17,1.24,0.39,0.95,0,0,0,0,0,0,0,0,1.43,0.97,0,0,0,0,0,0,0,0,0
497,789.63951,1.5,2.02,5.44,1.53,0,0.24,1.52,3.47,0,0,0,0,0,0,0,0,0.92,0.42,0,0,0,0,0.34,0,0,0.8,0.68
498,773.83875,1.25,2.8,18.26,8.87,0.58,0.94,4.88,1.36,0,0,0,0,0,0,0,0,2.21,0.98,0,0,0,0,0.86,0,0,2.05,1.35
499,774.97615,1.26,2.19,10.58,3.73,0,0.43,2.95,0.74,0,0,0,0,0,0,0,0,1.03,0.36,0,0,0,0,0.83,0,0,1.14,0.59
500,694.47876,1.50844,13.76,3.44,7.42,1.17,1.89,0.69,22.99,0,0.58,0.36,0,1.25,0,0,0,1.09,2.48,0,0,0,0,0,0,0,0.25,0
501,825.88683,1.53,2.7,14.3,12.03,0.99,1.41,4.12,1.08,0,0,0,0,0,0,0,0,2.73,2.27,0,0,0,0,1.31,0,0,1.36,0.65
502,712.54496,1.63122,10.6,2.44,8.89,1.04,1.77,0.5,12.3,0,0.4,0.25,0,0.7,0,0,0,0.4,4.56,0,0,0,0,0,0.28,0,0,0
503,756.92842,1.25,5.55,25.48,5.71,0,0.76,7.11,3.86,0,0,0,0,0,0,0,0,1.44,0.53,0,0,0,0,1.3,0,0,1.76,1.28
504,890.21554,0,8.64,6.04,8.14,1,1.58,1.52,14.43,0,0.39,0.24,0,0.74,0,0,0,1.35,0.71,0,0,0,0,0,0.23,0,0.51,0
505,923.22528,0,13.76,5.54,8.64,1.05,1.37,1.27,4.49,0,0,0,0,0,0,0,0,1.25,2.15,0,0,0,0,0,0,0,0.34,0
506,900.66993,0,9.6,4.59,6.61,0.85,1.5,1.2,14.96,0,0.44,0.25,0,0.93,0,0,0,1.44,4.89,0,0,0,0,0,0,0,0.59,0
507,830.11859,1.44,1.83,16.27,5.49,0.32,0.59,4.53,0.86,0,0,0,0,0,0,0,0,2.45,0.28,0,0,0,0,0,0.34,0,1.52,1.08
508,762.37786,1.51,4.39,36.47,5.56,0.39,0.68,10.87,4.16,0,0,0,0,0,0,0,0,1.13,0.92,0,0,0,0,0,0,0,2.67,0.61
509,822.06032,1.47,4.78,30.56,6.06,0.83,1.11,9.04,7.92,0,0,0,0,0.34,0,0,0,0.99,1.82,0.28,0,0,0,0,0.47,0,2.33,0.63
510,734.11106,1.54,5.39,19.42,7.42,1.57,1.8,5.55,16.54,0,0.42,0.39,0,0.56,0,0,0,1.48,2.56,0,0,0,0,0,1.37,0,1.89,1.05
511,805.20573,1.3,3.44,26.71,4.41,0.34,0.5,7.9,1.51,0,0,0,0,0,0,0,0,2.58,0.35,0,0,0,0,1.14,0,0,3.07,0.67
512,830.31472,1.34,5.49,15.15,6.87,0.73,0.95,3.71,1.84,0,0,0,0,0,0,0,0,1.02,0.73,0,0,0,0,1.01,0.47,0,1,1.16
513,694.11919,1.29796,8.3,2.77,12.17,1.49,1.7,0.56,0.3,0,0,0,0,0,0,0,0,1.32,0.62,0,0,0,0,0,0,0,0,0
514,722.27175,1.73646,8.41,1.97,11.63,1.13,1.75,0.39,6.32,0,0,0,0,0.36,0,0,0,0.83,0.68,0,0,0,0,0,0,0,0,0
515,736.04856,1.45582,18.54,4.16,11.94,0.85,1.42,0.91,0.85,0,0,0,0,0,0,0,0,1.17,2.67,0,0,0,0,0,0,0,0.36,0
516,707.86178,1.32427,10.51,2.45,16.97,1.33,2.02,0.49,2.07,0,0,0,0,0,0,0,0,2.44,3.21,0,0,0,0,0,0.46,0,0.2,0
517,936.92282,0,15.35,2.61,3.93,0.42,0.58,0.65,1.04,0,0,0,0,0,0,0,0,0.63,2.11,0,0,0,0,0,0,0,0.24,0
518,750.28584,1.44,5.06,15.52,8.16,0.81,1.15,3.86,5.49,0,0,0,0,0,0,0,0,2.44,1.79,0,0,0,0,1.64,0,0,1.3,0.91
519,785.2017,1.56,5.36,14.17,4.26,0.69,0.77,4.13,2.7,0,0,0,0,0,0,0,0,1.08,1.58,0,0,0,0,0.8,0.24,0,1.11,0.95
520,777.12465,1.31,2.12,21.33,5.45,0.4,0.6,5.98,1.3,0,0,0,0,0,0,0,0,1.54,0.37,0,0,0,0,1.37,0,0,1.43,1.5
521,780.11721,1.55,5.18,11.85,3.76,0,0.45,3.27,1.7,0,0,0,0,0,0,0,0,2.93,0.89,0.26,0,0,0,1.3,0.53,0,1.55,1.22
522,829.28699,1.53,5.87,6.96,2.16,0.39,0.38,2.06,0.48,0,0,0,0,0,0,0,0,2.18,1.49,0,0,0,0,0.68,0.33,0,0.85,0.89
523,938.99923,0,26.73,4.61,4.63,1.05,1.1,1.08,2.73,0,0,0,0,0,0,0,0,1.35,1.34,0,0,0,0,0,0.25,0,0.43,0
524,739.27592,1.58737,11.48,3.16,15.45,1.21,2.04,0.64,2.26,0.32,0,0,0,0,0,0,0,1.3,0.34,0,0,0,0,0,0,0,0.19,0
525,727.41011,1.46459,17.24,2.13,14.68,1.76,2.21,0.41,0,0.33,0,0,0,0,0,0,0,1.11,0.51,0,0,0,0,0,0,0,0,0
526,763.25118,1.51,20.69,17.43,10.63,0,0,4.89,13.79,0.48,0,0,0,0.9,0,0,0,2.51,2.53,0,0,0,0,0.64,0.7,0,2.31,1.04
527,771.82426,1.61,8.39,13,6.11,0.55,0.87,3.88,4.8,0,0,0,0,0,0,0,0,2.44,2.04,0,0,0,0,0.95,0.64,0,2.49,0.78
528,782.62621,1.41,3.88,21.3,6.42,0.36,0.76,6.12,1.6,0,0,0,0,0,0,0,0,1.82,0.44,0,0,0,0,1.96,0,0,2.17,0.9
529,851.39862,1.36,5.77,23.08,7.85,0.49,0.91,6.11,1.3,0,0,0,0,0,0,0,0,1.42,0.52,0,0,0,0,0.26,1.11,0,1.34,0.6
530,720.90277,1.86801,11.37,3.71,18.01,2.07,2.73,0.74,4.89,0.44,0,0,0,0.28,0,0,0,2.13,0.85,0,0,0,0,0,0.37,0,0.21,0
531,708.69493,2.40298,19.9,3.92,12.99,2.22,2.25,0.84,1.7,0,0,0,0,0,0,0,0,1.53,4.1,0,0,0,0,0,0,0,0,0
532,921.84955,0,10.14,6.2,12.88,1.09,1.74,1.48,1.35,0,0,0,0,0,0,0,0,1.54,0.45,0,0,0,0,0,0,0,0.23,0
533,699.15317,1.83293,11.04,2.8,6.27,1.7,2.19,0.62,15.94,0,0.47,0.37,0,0.9,0,0,0,0.56,3.97,0,0,0,0,0,0.35,0,0,0
534,686.10878,1.8,7.37,26.2,8.33,0.53,0.9,8.02,2.23,0,0,0,0,0,0,0,0,2.66,1.01,0,0,0,0,0,0.22,0,2.56,1.1
535,733.16323,1.43828,8.16,3.86,14.11,1.81,2.2,0.64,2.95,0.31,0,0,0,0,0,0,0,2.03,0.85,0,0,0,0,0,0,0,0,0
536,804.20091,1.75,24.53,17.37,12.35,2.33,3.06,4.84,14.76,0.46,0.58,0.52,0,1.01,0,0,0,3.21,0.94,0,0,0,0.43,0.44,0.65,0,2.34,0.99
537,714.97425,3.51677,6.85,2.37,9.06,2.73,2.53,0.47,12.85,0.23,0.37,0.23,0,0.71,0,0,0,0.64,2.02,0,0,0,0,0,0,0,0,0
538,756.18338,1.25,2.51,12.42,5.54,0.31,0.57,3.51,0.68,0,0,0,0,0,0,0,0,2.21,0.36,0,0,0,0,2.56,0,0,1.26,1.91
539,824.08162,1.3,8.13,14.4,5.98,1.1,1.1,4.12,1.75,0,0,0,0,0,0,0,0,1.45,0.95,0,0,0,0,2.62,0,0,1.61,1.06
540,729.2255,1.65753,12.29,2.48,15.52,2.3,2.5,0.54,1.01,0.31,0,0,0,0,0,0,0,0.36,1.14,0,0,0,0,0,0.25,0,0.16,0.27
541,721.83239,1.71892,10.45,2.32,6.09,0.63,1.09,0.45,9.09,0,0,0,0,0.47,0,0,0,0.44,2.44,0,0,0,0,0,0,0,0,0
542,711.90475,1.28042,7.98,2.22,10.93,1.35,1.68,0.43,5.97,0,0,0,0,0,0,0,0,0.71,0.81,0,0,0,0,0,0,0,0,0
543,790.25138,1.07,3.94,15.12,7.46,0.65,0.89,4.04,2.21,0,0,0,0,0,0,0,0,2.52,0.96,0,0,0,0,1.56,0.65,0,1.66,0.75
544,810.95999,4.27,4.13,15.98,5.95,0.44,0.65,4.6,0.96,0,0,0,0,0,0,0,0,2.67,0.31,0,0,0,0,0,0,0,2.18,0.99
545,724.32307,1.35058,9.88,2.87,16.01,1.44,2.05,0.55,0.83,0.33,0,0,0,0,0,0,0,1.02,0,0,0,0,0,0,0,0,0,0
546,717.28953,1.5786,12.89,4.61,16.26,2.51,2.51,0.89,4.19,0.4,0,0,0,0,0,0,0,1.63,1.1,0,0,0,0,0,0,0,0.22,0
547,722.24808,1.38,8.51,25.11,5.72,1.12,1.03,6.99,1.1,0,0,0,0,0,0,0,0,2.06,0.4,0,0,0,0,0,0,0,2.68,1.24
548,892.95561,1.38,3.78,21.8,6.18,0.41,0.65,6.61,1.4,0,0,0,0,0,0,0,0,1.55,0.67,0,0,0,0,0,0,0,1.26,0.63
549,965.70042,0,10.18,2.39,2.45,0.32,0.4,0.66,0.82,0,0,0,0,0,0,0,0,0.45,2.04,0,0,0,0,0,0,0,0.29,0
550,717.04397,1.68384,6.42,2.92,15.22,1.7,2.03,0.66,1.77,0.34,0,0,0,0,0,0,0,1.19,1.27,0,0,0,0,0,0,0,0.21,0
551,726.93653,1.5786,9.55,3.45,16.67,2.29,2.67,0.72,8.51,0.37,0.29,0,0,0.46,0,0,0,1.21,1.6,0,0,0,0,0,0,0,0.16,0
552,814.41532,1.47,6.52,8.56,3.72,0.55,0.61,2.53,0.7,0,0,0,0,0,0,0,0,2.44,1.61,0,0,0,0,0.72,0,0,1.01,0.96
553,877.43,1.07,4.67,15.61,7.02,0.52,0.72,4.07,2.1,0,0,0,0,0,0,0,0,1.01,0.89,0,0,0,0,0,0,0,1.92,0.74
554,959.39806,0,7.22,2.97,6.64,1.13,1.09,0.68,1.03,0,0,0,0,0,0,0,0,1.1,0.95,0,0,0,0,0,0,0,0.23,0
555,702.52962,2.46437,24.01,2.4,14.46,2.72,2.62,0.47,5.19,0.39,0.28,0,0,0,0,0,0,1.38,0.95,0,0,0,0,0,0,0,0.14,0
556,730.42699,1.754,12.15,3.43,15.23,2.49,2.44,0.67,12.75,0.48,0.44,0.27,0,0.6,0,0,0,1.18,2.13,0,0,0,0,0,0,0,0.21,0
557,789.73291,1.55,5.17,14.54,5.55,0.47,0.86,4.27,8.78,0,0.27,0.3,0,0.37,0,0,0,2,2.64,0,0,0,0,1.07,0.75,0,1.97,1.23
558,808.15025,1.38,4.07,15.02,6.81,0.56,0.94,4.11,6.45,0.09,0.14,0.14,0,0.22,0,0,0,1.76,1.94,0,0,0,0,0,0.24,0,2.67,0.53
559,820.64929,1.42,6.6,8.53,4.24,0.73,0.8,2.14,1.75,0,0,0,0,0,0,0,0,1.17,0.65,0,0,0,0,0.71,0,0,1.22,0.49
560,811.82773,3.98,4.47,19.94,8.29,0.51,0.96,5.88,3.35,0.11,0,0,0,0.12,0,0,0,1.58,0.83,0,0,0,0,0,0,0,2.62,1.11
561,726.89268,1.28919,13.02,3.88,7.91,1.79,2,0.86,10.78,0.15,0.25,0.16,0,0.54,0,0,0,0.57,0,0,0,0,0,0,0,0,0.16,0
562,729.19042,1.28919,12.76,6.54,14.47,1.39,2.2,1.3,9.26,0.27,0.23,0.14,0,0.43,0,0,0,1.49,0.67,0,0,0,0,0,0.33,0,0.23,0
563,928.03731,0,19.09,3.47,6.69,0.82,1.25,0.85,2.56,0,0,0,0,0,0,0,0,1.27,1.22,0,0,0,0,0.25,0,0,0.39,0
564,792.11425,1.51,7.96,10.29,2.9,0.31,0.48,3.01,1.34,0,0,0,0,0,0,0,0,1.85,1.73,0,0,0,0,1.18,1.08,0,1.63,1.76
565,854.53325,1.38,2.03,7.67,5.65,0,0.54,2.02,2.29,0,0,0,0,0,0,0,0,2,0.54,0,0,0,0,0.33,0,0,1.72,0
566,799.39944,2.98,2.23,13.85,4.73,0.25,0.45,4.15,2.23,0,0,0,0,0,0,0,0,1.75,0.41,0,0,0,0,0,0,0,1.49,0.78
567,745.12551,2.15742,10.33,1.35,16.75,1.34,1.99,0.28,2.78,0.35,0,0,0,0,0,0,0,0.6,0,0,0,0,0,0.29,0,0,0,0.41
568,736.8554,1.91186,9.6,2.2,14.63,1.1,1.77,0.42,2.97,0,0,0,0,0,0,0,0,0.79,0.34,0,0,0,0,0,0,0,0,0
569,954.69608,0,6.65,3.06,8.72,0.96,1.15,0.75,0.8,0,0,0,0,0,0,0,0,1.02,0.99,0,0,0,0,0,0,0,0.18,0
570,964.69245,0,6,2.37,3.89,0.6,0.84,0.49,9.26,0,0,0,0,0.55,0,0,0,0.51,0.36,0,0,0,0,0,0,0,0,0
571,716.35991,1.35935,17.5,5.33,25.32,3.45,3.87,1.09,2.04,0.52,0,0,0,0,0,0,0,1.63,1.57,0,0,0,0,0,0,0,0.25,0
572,708.32659,2.02587,15.81,3.72,26.8,4.62,4.53,0.78,3.15,0.64,0.25,0,0,0,0,0,0,1.28,3.86,0,0,0,0,0,0,0,0.19,0
573,707.739,2.57838,10.16,2.12,8.75,1.46,2.11,0.4,15.2,0.19,0.41,0.25,0,0.88,0,0,0,0.53,0.35,0,0,0,0,0,0,0,0,0
574,713.50089,1.47336,20.56,2.93,10.86,2.71,2.76,0.66,22.6,0,0.69,0.36,0,1.06,0,0,0,0.7,2.51,0,0,0,0,0,0,0,0.25,0
575,950.31325,0,22.34,4.51,9.31,1.65,1.66,1.15,2.97,0,0,0,0,0,0,0,0,1.26,1.89,0,0,0,0,0,0.29,0,0.47,0
576,780.77583,1.46,4.02,18.82,10.4,0.78,1.02,5.52,2.41,0,0,0,0,0,0,0,0,2.91,0.74,0.65,0,0,0,0.44,0,0,2.24,1.2
577,794.03825,1.74,4.19,16.91,5.51,1.17,1.19,4.66,11.7,0,0.34,0.33,0,0,0,0,0,0.97,1.52,0.38,0,0,0,1.62,1.71,0,1.53,1.23
578,790.79896,1.34,5.99,11.88,5.26,1.18,0.74,3.73,4.59,0,0,0,0,0,0,0,0,2.72,1.32,0,0,0,0,1.44,0,0,1.35,0.34
579,722.70062,1.85924,11.16,2.05,14.84,1.97,2.12,0.41,1.17,0.32,0,0,0,0,0,0,0,1.06,1.27,0,0,0,0,0,0,0,0.12,0
580,964.33533,0,12.64,3.98,3.45,1.06,1.78,1.08,20.98,0,0.66,0,0,1.46,0,0,0,0.45,0,0,0,0,0,0,0.38,0,0.49,0
581,783.69965,1.46,2.44,10.7,12.24,0.77,1.24,3.18,1,0,0,0,0,0,0,0,0,1.45,0.81,0.38,0,0,0,0,0,0,2.73,0.53
582,977.9417,0,17.96,6.4,12.45,2.23,2.23,1.64,4.91,0,0,0,0,0,0,0,0,1.52,1.11,0,0,0,0,0,0,0,0.38,0
583,776.28232,1.58,3.93,21.06,6.2,0.33,0.62,6.45,1.41,0,0,0,0,0,0,0,0,3.21,0.29,0.43,0,0,0,0.37,0,0,2.21,1.8
584,789.75706,1.64,3.04,17.49,10.13,1.41,1.47,4.8,0.99,0,0,0,0,0,0,0,0,2.18,2.04,0.41,0,0,0,2.13,0,0,1.37,1.35
585,802.90074,1.5,2.98,24.66,4.54,0.3,0.49,6.44,2.74,0,0,0,0,0,0,0,0,1.32,0.51,0.46,0,0,0,0.29,0,0,0.94,1.68
586,797.05924,1.3,4.25,12.18,8.47,0.64,0.92,3.45,2.99,0,0,0,0,0,0,0,0,2.42,1.11,0.42,0,0,0,1.65,0.6,0,1.3,0.79
587,745.1438,1.39,4.02,27.33,8.09,0.45,0.73,8.24,0.65,0,0,0,0,0,0,0,0,2.89,0.34,0.3,0,0,0,0,0,0,2.75,1.01
588,792.30048,1.23,3.44,15.77,10.51,0.7,1.13,3.85,1.51,0,0,0,0,0,0,0,0,4.32,0.68,0.37,0,0,0,0,0.96,0,2.7,0.81
589,966.93892,0,8.78,4.46,13.51,1.06,1.56,1.07,1.19,0.29,0,0,0,0,0,0,0,1.33,0.39,0,0,0,0,0,0,0,0.42,0.22
590,803.67999,1.27,4.99,16.67,8.13,0.58,0.82,5.55,2.56,0,0,0,0,0,0,0,0,2.08,0.59,0.61,0,0,0,0.56,0,0,2.79,1.13
591,831.14631,1.31,3.02,14.03,3.88,0.29,0.5,4.62,11.46,0,0,0,0,0,0,0,0,1.06,0.53,0,0,0,0,0.32,0,0,0.99,1.09
592,874.29034,10.54,3.65,8.17,4.69,0.39,0.54,2.38,7.86,0,0.25,0,0,0,0,0,0,2.1,0.39,0,0,0,0,0,0,0,1.59,0.78
593,830.54282,1.35,7.51,12.73,5.19,0.94,0.83,3.65,0.89,0,0,0,0,0,0,0,0,1.47,0.24,0.37,0,0,0,2.73,0,0,1.42,1.06
594,933.35153,0,12.3,4.76,5.59,0.72,1.01,1.14,17.83,0,0.49,0.31,0,0.75,0,0,0,0.89,0.44,0,0,0,0,0,0,0,0.45,0
595,961.82656,0,8.74,3.57,6.7,1.03,0.92,0.97,2.2,0,0,0,0,0,0,0,0,1.09,0.46,0,0,0,0,0,0,0,0.33,0
596,788.89009,1.24,3.6,16.63,9.96,0.93,1.17,4.63,1.53,0,0,0,0,0,0,0,0,2.43,0.79,0.47,0,0,0,1.92,0,0,1.12,1.86
597,767.37642,1.28,6.81,26.63,11.34,1.04,1.27,7.67,0.49,0,0,0,0,0,0,0,0,1.55,0.78,0.4,0,0,0,0.95,0,0,1.63,1.51
598,765.63858,1.39,4.44,19.14,15.44,1.69,1.96,5.03,1.07,0,0,0,0,0,0,0,0,2.95,1.42,0,0,0,0,2.88,0,0,1.19,2.56
599,793.76091,1.27,2.67,20.88,6.5,0.29,0.56,5.73,2.86,0,0,0,0,0,0,0,0,4.23,0.42,0.66,0,0,0,1.23,0,0,0.88,2.45
600,842.96975,1.21,2.77,9.34,6.36,0.31,0.55,2.4,4.46,0,0,0,0,0,0,0,0,2.59,0.51,0,0,0,0,0.32,0,0,1.89,0
601,836.5713,1.11,3.58,19.77,15.48,1.99,2.12,5.33,0.78,0.27,0,0,0,0,0,0,0,1.84,1.91,0.51,0,0,0,1.1,0,0,0.52,1.17
602,930.98195,0,27.52,6.31,10.67,2.02,1.98,1.36,0.64,0,0,0,0,0,0,0,0,1.5,0.46,0,0,0,0,0,0,0,0.3,0
603,796.30442,1.53,4.92,24.17,8.18,0.65,0.78,7.01,0.82,0,0,0,0,0,0,0,0,2.05,0.26,0.7,0,0,0,3.34,0,0,1.65,1.42
604,856.08937,1.57,3.84,14.33,9.74,0.85,1.12,4.17,1.1,0,0,0,0,0,0,0,0,1.5,0.8,0.4,0,0,0,1.63,0,0,1.23,0.77
605,798.0584,3.74,2.67,19.4,7.22,0.37,0.67,5.66,2.28,0,0,0,0,0,0,0,0,1.46,0,0.38,0,0,0,0,0,0,2.41,1.29
606,839.55866,1.48,3.67,28.35,6.62,0.31,0.58,7.55,1.5,0,0,0,0,0,0,0,0,1.78,0.36,0.49,0,0,0,0.3,0,0,1.13,1.68
607,925.50811,0.47401,12.2,6.21,5.92,0.89,1.19,1.56,9.86,0,0.27,0,0,0.54,0,0,0,1.26,1.15,0,0,0,0,0,0.43,0,0.52,0.3
608,790.51097,1.63,3.38,15.74,6.58,0.34,0.51,5.56,2.07,0,0,0,0,0,0,0,0,2.44,0.47,0.5,0,0,0,0.36,0,0,1.75,1.36
609,957.73854,0,18.51,3.35,4.13,0.71,0.76,0.71,2.2,0,0,0,0,0,0,0,0,1.02,2.16,0,0,0,0,0,0,0,0.33,0.17
610,920.20709,0,26.95,4.09,4.93,0.87,0.77,0.98,0,0,0,0,0,0,0,0,0,1.44,3.14,0,0,0,0,0,0.31,0,0.37,0.19
611,806.73768,1.43,4.62,23.44,9.42,0.61,0.86,6.69,1.94,0,0,0,0,0,0,0,0,2.29,2.2,0.49,0,0,0,1.36,0.31,0,2.07,1.39
612,813.21047,1.59,5.44,25.2,9.83,0.75,1.09,6.54,0.66,0,0,0,0,0,0,0,0,1.33,0.5,0.63,0,0,0,0.99,0.3,0,2.58,0.91
613,839.94719,1.64,4.1,33.83,7.96,0.42,0.74,9.68,0.78,0,0,0,0,0,0,0,0,2.81,0.41,0.57,0,0,0,0.35,0,0,2.15,1.3
614,756.00979,1.75,3.18,12.04,4.27,0.51,0.45,3.28,0.64,0,0,0,0,0,0,0,0,1.45,0.88,0.42,0,0,0,1.41,0,0,0.36,0.6
615,778.1627,1.55,3.38,20.29,7.4,0.37,0.68,6.05,1.24,0,0,0,0,0,0,0,0,3.24,0.3,0.42,0,0,0,0.27,0,0,2.03,0.9
616,820.60348,1.62,4.66,15.41,9.19,1.01,1.1,4.25,0,0,0,0,0,0,0,0,0,2.02,0.9,0,0,0,0,1.95,0,0,0.87,2.09
617,779.24597,1.55,6.53,19.57,9.95,0.71,1.02,5.56,1.67,0,0,0,0,0,0,0,0,2.46,0,0,0,0,0,1.76,0,0,2.46,1.09
618,796.737,1.53,3.47,17.07,6.95,0,0.77,4.53,0,0,0,0,0,0,0,0,0,0.87,0,0,0,0,0,0.8,0,0,1.9,0.81
619,813.54415,1.56,5.36,16.83,7.64,0,0.89,4.57,0.98,0,0,0,0,0,0,0,0,2.32,0,0.94,0,0,0,0,0,0,3.08,1.63
620,832.05193,1.56,2.78,16.63,8.09,0.96,1.15,4.37,0,0,0,0,0,0,0,0,0,1.17,0.74,0,0,0,0,0.84,0,0,0.69,1.25
621,844.46886,3.44,4.39,7.92,3.89,0,0,2.14,6.41,0,0,0,0,0,0,0,0,1.85,0,0,0,0,0,0,0,0,3.04,0
622,907.73808,2.47,4,6.34,5.06,0.72,0,1.6,0.87,0,0,0,0,0,0,0,0,1.64,0,0,0,0,0,0,0,0,0.91,0
623,863.11735,1.71,3.17,20.03,5.61,0,0,5.31,1.48,0,0,0,0,0,0,0,0,0.76,0,0,0,0,0,0,0,0,2.9,1.59
624,802.28098,1.78,4.16,30.23,7.89,0.84,0.95,7.41,1.07,0,0,0,0,0,0,0,0,0.73,0,0,0,0,0,0,0,0,1.9,1.8
625,752.74329,1.71,15.03,20.08,8.77,1.53,1.68,4.97,0,0,0,0,0,0,0,0,0,2.56,0,0,0,0,0,0.9,0,0,2.39,1.85
626,862.45339,1.5,9.95,24.94,10.27,0.93,1.31,5.96,0,0,0,0,0,0,0,0,0,2.51,0,0,0,0,0,0,0,0,2.07,1.55
627,834.03782,1.52,6.65,10.26,6.07,0.79,1.05,2.58,12.52,0,0,0,0,0,0,0,0,1.56,0.91,0,0,0,0,0,0,0,2.63,0.72
628,975.67527,0,10.87,1.38,4.2,0.98,0.88,0,0,0,0,0,0,0,0,0,0,0,0,0,0,0,0,0,0,0,0,0
629,825.38582,1.53,4.02,23.34,10.68,1.19,1.5,6.05,2.37,0,0,0,0,0,0,0,0,1.81,0.61,0,0,0,0,0,0,0,2.19,1.81
630,698.18144,1.65,4.57,33.96,9.14,0.76,1.13,9.61,0,0,0,0,0,0,0,0,0,1.23,0,0,0,0,0,0,0,0,1.96,1.17
631,758.20688,1.45,5.62,22.06,9.08,1.08,1.27,6.09,0.81,0,0,0,0,0,0,0,0,0.99,0,0,0,0,0,1.07,0,0,3.43,1.59
632,736.32043,1.73646,11.37,1.81,12.23,2.22,2.2,0,0.94,0,0,0,0,0,0,0,0,0,0,0,0,0,0,0,0,0,0,0
633,737.10973,1.92063,30.2,3.44,16.93,1.8,2.4,0.75,3.31,0,0,0,0,0,0,0,0,1.5,6.48,0,0,0,0,0,0,0,0,0
634,872.26734,1.74,6.68,14.43,4.73,0,0,3.88,4.1,0,0,0,0,0,0,0,0,1.59,2.03,0,0,0,0,1.24,0,0,0.63,0.91
635,813.06495,1.46,12.56,14.63,10.22,0,0.9,4.01,0.74,0,0,0,0,0,0,0,0,4.95,0,0,0,0,0,2.27,0,0,2.99,0
636,757.5526,2.56961,6.47,3.27,22.16,4.36,4.61,0,3.93,0,0,0,0,0,0,0,0,0.81,1.68,0,0,0,0,0,0,0,0,0
637,752.09766,1.56983,28.75,2.59,12.26,3.18,2.88,0,4.06,0,0,0,0,0,0,0,0,0.7,2.27,0,0,0,0,0,0,0,0,0
638,725.20007,1.25411,34.62,3.08,13.45,6.87,4.77,0,0.9,0,0,0,0,0,0,0,0,0.73,1.04,0,0,0,0,0,0,0,0,0
639,771.40671,1.83,6.6,40.81,11.46,0.71,1.16,11.86,1.79,0,0,0,0,0,0,0,0,4.23,0,0,0,0,0,0,0,0,2.05,1.1
640,712.9133,1.61368,11.58,1.96,9.27,0.96,1.42,0,12.87,0,0,0,0,0.78,0,0,0,0.81,1,0,0,0,0,0,0,0,0,0
641,720.94662,1.60491,30.15,2.84,17.42,1.27,2.24,0,1.23,0,0,0,0,0,0,0,0,2.23,0,0,0,0,0,0,0,0,0,0
642,770.2804,1.74,10.94,13.68,6.35,0,0.77,3.66,1.7,0,0,0,0,0,0,0,0,2.46,2.09,0,0,0,0,0.97,0,0,0.96,1.19
643,760.24153,14.31326,6.33,11.12,6.46,0,0.78,2.77,2.61,0,0,0,0,0,0,0,0,1.75,0,0,0,0,0,0,0,0,3.04,0
644,775.36842,25.14695,7.41,17.59,8.76,0.76,1.13,4.04,1.71,0,0,0,0,0,0,0,0,1.76,0.61,0,0,0,0,0,0,0,1.71,0.95
645,671.5189,10.53277,12.03,4.2,19.14,6.12,4.31,0.73,1.4,0,0,0,0,0,0,0,0,1.38,2.69,0,0,0,0,0,0,0,0,0
646,753.08018,1.58,5.93,19.65,11.5,1.24,1.51,5.42,0.72,0,0,0,0,0,0,0,0,1.55,0.75,0,0,0,0,2.11,0,0,3.49,1.17
647,760.78873,1.16641,9.7,1.7,10.13,0.94,1.35,0,1.26,0,0,0,0,0,0,0,0,0,0.76,0,0,0,0,0,0,0,0,0
648,744.17835,2.24512,11.82,2.74,12.04,1.39,1.77,0,1.31,0,0,0,0,0,0,0,0,0,0,0,0,0,0,0,0,0,0,0
649,726.23493,1.42951,7.44,2.35,11.87,0.99,1.65,0,0,0,0,0,0,0,0,0,0,0.79,0,0,0,0,0,0,0,0,0,0
650,823.04071,1.74,4.28,16.1,7.74,1.79,1.41,4.8,0.93,0,0,0,0,0,0,0,0,1.9,1.24,0,0,0,0,1.72,0,0,1,1.49
651,732.42331,1.77,4.35,26.08,7.6,0.93,0.92,6.08,1.32,0,0,0,0,0,0,0,0,1.03,0.56,0,0,0,0,0,0,0,7.39,1.27
652,744.3976,2.09603,34.16,4.64,12.48,2.15,2.68,0.86,1.7,0,0,0,0,0,0,0,0,1.25,3.59,0,0,0,0,0,0,0,0,0
653,881.98937,1.63,4.36,11.33,14.16,1.92,2.23,2.65,0,0,0,0,0,0,0,0,0,1.51,0,0,0,0,0,0,0,0,1.89,0
654,881.57365,1.82,5.33,9.31,10.55,1.02,1.48,2.11,1.26,0,0,0,0,0,0,0,0,1.71,0,0,0,0,0,0,0,0,1.34,0
655,730.30421,5.07783,19.85,1.97,5.53,0.87,0.95,0,1.5,0,0,0,0,0,0,0,0,1.09,2.23,0,0,0,0,0,0,0,0,0
656,735.45069,4.49,4.73,18.41,7.64,0,0.85,5.03,0,0,0,0,0,0,0,0,0,2.09,0,0,0,0,0,0,0,0,4.4,1.57
657,797.02963,2.12,5.32,9.22,4.34,0,0,2.61,2.79,0,0,0,0,0,0,0,0,1.32,0.66,0,0,0,0,0.87,0,0,3.73,1.29
658,692.31257,5.5251,13.44,2.86,16.5,1.64,2.59,0.83,5.04,0,0,0,0,0,0,0,0,1.07,1.14,0,0,0,0,0,0,0,0,0
659,751.21189,3.56939,22.62,2.74,13.61,1.97,2.6,0,0,0,0,0,0,0,0,0,0,0.79,0.63,0,0,0,0,0,0,0,0,0
660,752.37134,1.48,7.46,29.35,10.43,0.81,1.13,8.9,0,0,0,0,0,0,0,0,0,2.47,0.57,0,0,0,0,0.8,0,0,2.35,1.07
661,815.56054,1.6,4.21,6.65,3.58,0,0,1.83,0,0,0,0,0,0,0,0,0,2.58,0,0,0,0,0,0,0,0,1.39,0
662,688.80457,2.85025,8.6,4.92,22.58,5.96,4.38,0.97,2.11,0.95,0,0,0,0,0,0,0,0,2.33,0,0,0,0,0,0,0,0,0
663,742.68745,1.77154,23.96,1.81,9.46,3.75,2.91,0,1.16,0,0,0,0,0,0,0,0,0.78,1.81,0,0,0,0,0,0,0,0,0
664,753.46578,1.41197,10.3,1.69,11.39,1.38,1.81,0,1.69,0,0,0,0,0,0,0,0,0,0.52,0,0,0,0,0,0,0,0,0
665,689.53248,2.08726,28.14,3.7,10.57,1.39,1.39,0.94,5.51,0,0,0,0,0,0,0,0,1.63,3.05,0,0,0,0,0,0,0,0.54,0
666,846.35536,4.52,6.75,13.67,4.44,0,0,3.19,0.73,0,0,0,0,0,0,0,0,1.53,0.52,0,0,0,0,1.23,0,0,2.03,1.03
667,709.87011,1.33304,32.56,1.74,9.08,1.74,2.09,0,1.59,0,0,0,0,0,0,0,0,0,3.05,0,0,0,0,0,0,0,0,0
668,750.41382,14.45296,7.58,1.13,12.25,1.04,1.8,0,0,0,0,0,0,0,0,0,0,0,0,0,0,0,0,0,0,0,0,0
669,761.86744,1.53475,6.13,1.28,6.17,0.84,0.97,0,0,0,0,0,0,0,0,0,0,0,0.73,0,0,0,0,0,0,0,0,0
670,740.92468,1.51721,11.14,2.89,11.59,1.6,1.6,0,0,0,0,0,0,0,0,0,0,0,0.57,0,0,0,0,0,0,0,0,0
671,745.19567,1.49967,11.68,3.06,10.98,1.48,2.03,0,1.5,0,0,0,0,0,0,0,0,0.94,0.58,0,0,0,0,0,0,0,0,0
672,731.63725,1.30673,6.38,2.13,9.65,0.9,1.53,0,0,0,0,0,0,0,0,0,0,0,0,0,0,0,0,0,0,0,0,0
673,753.94813,1.85047,7.53,4.11,15.63,2.13,2.82,0,1.52,0,0,0,0,0,0,0,0,0,0,0,0,0,0,0,0,0,0,0
674,840.89076,1.69,6.61,21.44,5.49,0,0,6.12,0.73,0,0,0,0,0,0,0,0,2.83,1.38,0,0,0,0,1.33,0.82,0,1.52,1.19
675,742.69622,2.21881,19.47,2.6,12.77,1.19,1.29,0,1.41,0,0,0,0,0,0,0,0,0.91,2.27,0,0,0,0,0,0,0,0,0
676,755.43026,2.04341,4.16,2.13,8.17,0.78,1.25,0,1.2,0,0,0,0,0,0,0,0,0,0,0,0,0,0,0,0,0,0,0
677,752.69402,1.92063,6.02,2.96,9.2,0.8,1.26,0,10.32,0,0,0,0,0,0,0,0,0.71,0,0,0,0,0,0,0,0,0,0
678,720.41165,2.74501,19.25,1.17,5.92,1.02,1.25,0,1.24,0,0,0,0,0,0,0,0,0,0.89,0,0,0,0,0,0,0,0,0
679,725.65611,42.63974,14.11,1.3,6.16,0.8,1,0,2.63,0,0,0,0,0,0,0,0,0,1.51,0,0,0,0,0,0,0,0,0
680,747.34432,1.86801,15.02,0.93,5.46,0.93,1.24,0,4.17,0,0,0,0,0,0,0,0,0,1.88,0,0,0,0,0,0,0,0,0
681,727.53289,2.93795,24.91,1.43,7.53,1.37,1.76,0,1.63,0,0,0,0,0,0,0,0,0,1.12,0,0,0,0,0,0,0,0,0
682,707.73023,17.12781,20.57,1.86,9.94,2.13,2.47,0,5.08,0,0,0,0,0,0,0,0,0,1.37,0,0,0,0,0,0,0,0,0
683,732.79489,20.53934,40.83,2.27,10.21,2.04,2.28,0,2.04,0,0,0,0,0,0,0,0,0.84,1.67,0,0,0,0,0,0,0,0,0
684,740.8896,16.06664,26.6,4.03,8.3,0,1.01,0.95,0.75,0,0,0,0,0,0,0,0,2.35,2.34,0,0,0,0,0,0,0,0,0
685,710.84358,11.38346,15.35,2.02,3.13,1.02,1.75,0,23.55,0,0.69,0,0,1.3,0,0,0,0,5.51,0,0,0,0,0,0,0,0,0
686,773.52277,1.71892,28.44,1.48,14.06,1.1,1.81,0,0,0,0,0,0,0,0,0,0,1.25,0,0,0,0,0,0,0,0,0,0
687,807.92413,1.78,5.86,16.8,6.15,0,0,4.33,0,0,0,0,0,0,0,0,0,1.75,0,0,0,0,0,0.76,0,0,2.85,1.34
688,260.12767,0.38588,0.92,2.47,1.5,0.36,0.51,0.7,2.77,0.05,0.1,0,0.23,0.1,0.2,0,0.17,0.59,0,0,0,0,0,0,0,0,0,0
689,183.35644,0.28,0.23,3.39,3.38,0.4,0.61,0.93,0.13,0.12,0,0,0.54,0,0.7,0,0,3.31,0,0,0,0,0,0,0,0,0,0
690,289.36545,0.51,1.44,3.42,3.13,0.42,0.61,0.95,0.11,0.14,0,0,0.43,0,0.58,0,0,2.26,0,0,0,0,0,0,0,0,0,0
691,313.25218,0.56,1.66,2.53,0,0.51,0.7,0.6,6.15,0,0.2,0,0.27,0.23,0.16,0,0,0.64,0,0,0,0,0,0,0,0,0,0
692,368.7647,1.5,10.92,4.59,3.1,0.31,0.69,1.03,0,0,0,0,0.18,0,0.25,0,0,0.92,0,0,0.22,0,0,0.72,0,0,0.94,0.46
693,293.71021,0.57,11.46,2.51,0.75,0.14,0.26,0.84,0,0,0,0,0.05,0,0.06,0,0,1.24,0,0,0,0,0,0,0,0,0,0
694,229.6,9.7,0.12,5.33,1.99,0.17,0.3,1.49,0,0,0,0,0.15,0,0.16,0,0,1.11,0,0.13,0.33,0,0,0,0,0,0.67,0.5
695,219.91,0.42,4.98,1.72,0.72,3.79,1.29,0.57,0.56,0.09,0,0,0.1,0,0,0,0.05,0,0,0,0,0,0,0,0,0,0,0
696,250.9517,0.35,5.09,3.83,1.63,2.49,1.08,1.29,0.06,0.09,0,0,0.27,0,0.26,0,0,0,0,0,0,0,0,0,0,0,0,0
697,243.14886,0.35,0.81,3.8,3.47,0.71,0.59,1.07,0.15,0.13,0,0,0.66,0,0.66,0.05,0,0,0,0,0,0,0,0,0,0,0,0
698,302.95451,0.67,1.51,2.76,1.44,0.54,0.57,0.79,6.31,0.06,0.28,0,0.35,0.22,0.19,0,0.55,0,0,0,0,0,0,0,0,0,0,0
699,319.16369,0.55,1.48,3.63,5.36,0.61,0.77,1.17,0.19,0.18,0,0,0.67,0,0.82,0.08,0,0,0,0,0,0,0,0,0,0,0,0
700,259.02901,0.48,2.03,7.69,3.97,0.41,0.51,2.61,0.56,0.12,0.05,0,0.43,0,0.49,0.07,0,0,0,0,0,0,0,0,0,0,0,0
701,280.95217,0.54,1.58,2.13,5.21,0.59,0.74,0.58,0.13,0.17,0,0,0.38,0,0.47,0,0,0,0,0,0,0,0,0,0,0,0,0
702,247.81583,0.41,0.24,3.26,2.91,0.32,0.43,1.16,0.16,0.11,0,0,0.71,0,0.78,0.01,0,0,0,0,0,0,0,0,0,0,0,0
703,245.11337,0.44,0.64,3.3,2.91,0.31,0.42,1.23,0.09,0.1,0,0,0.34,0,0.42,0,0,0,0,0,0,0,0,0,0,0,0,0
704,311.4802,0.46,2.62,2.04,4.49,0.6,0.79,0.63,0.54,0.17,0.05,0,0.43,0,0.53,0.13,0,0,0,0,0,0,0,0,0,0,0,0
705,281.86652,1.16,1.82,0,1.85,0.22,0.33,0.46,0.22,0,0,0,0,0,0,0,0,0,0,0,0,0,0,0,0,0,0,0
706,203.99268,0.5,2.1,1.75,2.73,0.54,0.2,0.64,0.06,0.17,0,0,0.25,0.06,0,0,0,0,0,0,0,0,0,0,0,0,0,0
707,192.18889,0.28,0.27,5.25,0.72,0.1,0.13,1.85,0,0,0,0,0.15,0,0,0,0,0,0,0,0,0,0,0,0,0,0,0
708,258.6326,0.4,3.54,2.93,2.76,0.7,0.54,0.97,0.08,0.11,0,0,0.27,0,0,0,0,0,0,0,0,0,0,0,0,0,0,0
709,265.662,0.5,1.3,2.77,4.79,0.43,0.53,0.81,0.12,0.13,0,0,0.27,0,0,0.05,0,0,0,0,0,0,0,0,0,0,0,0
710,250.1315,0.6,8.13,3.16,0.72,0.12,0.13,0.09,0.04,0.05,0,0,0.08,0,0,0,0,0,0,0,0,0,0,0,0,0,0,0
711,292.8711,0.7,6.87,3.31,3.65,0.46,0.63,1,0.11,0.14,0.04,0,0.26,0,0,0.06,1.86,0,0,0,0,0,0,0,0,0,0,0
712,251.99356,1.78272,1.69,2.04,1.13,0.95,1.14,0.62,6.15,0.09,0.19,0,0.43,0,0,0,0,0,0,0,0,0,0,0,0,0,0,0
713,275.9695,2.0909,0.54,2.58,5.78,2.22,1.33,0.69,0.11,0.26,0,0,0.62,0,0,0.16,0,0,0,0,0,0,0,0,0,0,0,0
714,299.89886,0.56,6.23,2.58,4.16,0.47,0.86,0.74,0.06,0.14,0,0,0,0,0,0,0,1.92,0,0,0,0,0,0,0,0,0.42,0.4
715,315.34777,0.71,3.94,1.91,3.35,0.38,0.69,0.48,0,0.12,0,0,0,0,0,0,0,1.04,0,0,0,0,0,0,0,0,0.36,0.29
716,302.27303,0.7,4.04,2.19,5.19,0.49,0.89,0.55,0,0,0,0,0,0,0,0,0,1.53,0,0,0,0,0,0,0,0,0.34,0
717,295.39633,0.44,4.8,2.01,3.44,0.43,0.75,0.5,0,0,0,0,0,0,0,0,0,0.96,0,0,0,0,0,0,0,0,0.62,0
718,315.63527,0.6,5.16,2.92,4.87,0.61,1.04,0.85,0,0,0,0,0,0,0,0,0,1.96,0,0,0,0,0,0,0,0,0.45,0.39
719,330.31603,0.63,4.15,2.68,3.49,0.39,0.68,0.7,0,0,0,0,0,0,0,0,0,1.15,0,0,0,0,0,0,0,0,0.71,0.3
720,303.97084,0.63,5.46,2.62,3.71,0.5,1.01,0.8,0,0.2,0,0,0,0,0,0,0,1.78,0,0,0,0,0,0,0,0,0.49,0.6
721,331.49671,0.75,3.72,3.3,9.57,0.82,1.48,0.77,0,0.26,0,0,0,0,0,0,0,2.57,0,0,0,0,0,0,0,0,0.4,0
722,264.77184,0.54,0,0,0,0,0,0,0,0,0,0,0,0,0,0,0,0,0,0,0,0,0,0,0,0,0,0
723,237.02976,0.48,9.31,3.01,1.13,1.61,0.96,0.63,0,0,0,0,0,0,0,0,0,0,0.97,0,0,0,0,0,0,0,0.15,0.25
724,300.84259,0.56,5.41,1.99,0.79,1.17,0.71,0.42,0,0.05,0,0,0,0,0,0,0,0,0.51,0,0,0,0,0,0,0,0.13,0.23
725,275.17153,0.31,10.52,2.4,1.61,1.87,1.06,0.5,0,0,0,0,0,0,0,0,0,0,0.89,0,0,0,0,0,0,0,0,0.26
726,248.71655,1.05,3.54,1.19,0.59,0.94,0.55,0,0,0,0,0,0,0,0,0,0,0,0.2,0,0,0,0,0,0,0,0,0
727,318.70765,0.82,9.62,3.44,1.31,1.91,1.34,1.01,0,0,0,0,0,0,0,0,0,0,1.16,0,0,0,0,0,0,0,0.47,0.7
728,338.78075,0.51,7.48,1.39,3.9,0.38,0.74,0.33,0,0,0,0,0,0,0,0,0,2.73,0,0,0,0,0,0,0,0,0.52,0
729,356.96513,0.57,7.55,1.69,3.53,0.53,0.79,0.56,0,0,0,0,0,0,0,0,0,2.77,0,0,0,0,0,0,0,0,0.96,0.36
730,347.48996,0.66,3.25,0.74,1.53,0.25,0.37,0.52,0,0,0,0,0,0,0,0,0,1.07,0,0,0,0,0,0,0,0,0.5,0
731,236.73631,0.34,6,1.71,4.23,0.51,0.99,0.41,0,0,0,0,0,0,0,0,0,3.04,0,0,0,0,0,0,0,0,0.98,0
732,267.02876,0.51,1.44,1.84,0.34,0.45,0.66,0.5,5.96,0,0,0,0,0.45,0,0,0,0,1.36,0,0,0,0,0,0,0,0.43,0
733,260.82747,0.45,4.65,1.44,0.55,2.7,1.29,0.43,0,0,0,0,0,0,0,0,0,0.4,0,0,0,0,0,0,0,0,0.39,0
734,270.57605,0.52,1.96,0.73,0.25,1.49,0.71,0.53,0,0,0,0,0,0,0,0,0,0,0,0,0,0,0,0,0,0,0.26,0
735,211.42508,0.29,3.62,1.19,0.63,2.2,1.06,0.37,0,0,0,0,0,0,0,0,0,0.3,0,0,0,0,0,0,0,0,0.32,0
736,263.7246,0.52,0,0,0,0,0,0,0,0,0,0,0,0,0,0,0,0,0,0,0,0,0,0,0,0,0,0
737,229.05183,0.6,3.57,1.88,2.57,0.31,0.51,0.41,0,0,0,0,0,0,0,0,0,1.53,0,0,0,0,0,0,0,0,0.83,0.3
738,243.22024,0.78,19.28,6.22,1.56,1.88,0.94,1.48,0,0,0,0,0,0,0,0,0,0,1.19,0,0,0,0,0,0,0,0.62,0.48
739,249.89569,0.49,8.73,4.05,0.91,0.98,0.47,0.9,0,0,0,0,0,0,0,0,0,0,0.6,0,0,0,0,0,0,0,0.44,0.5
740,256.83174,0.11,7.5,11.35,4.17,0,0.79,3.95,0,0,0,0,0,0,0,0,0,0,0,0,0,0,0,0,0,0,1.81,1.09
741,252.11152,0.74,2.94,5.79,2.55,0.27,0.48,1.96,0,0.1,0,0,0,0,0,0,0,0.19,0,0,0,0,0,0,0,0,0.61,0.29
742,243.65141,0.44,2.52,7.74,3.05,0.27,0.43,2.62,0,0,0,0,0,0,0,0,0,0,0,0,0,0,0,0,0,0,0.86,0.38
743,243.57301,0.67,6.08,1.23,1.74,0.61,0,0.33,0.01,0.08,0,0.01,0,0,0,0,0,0.53,0.37,0.06,0,0.03,0,0,0.01,0,0.12,0.01
744,289.09592,0.55,1.82,8.18,2.2,0.26,0.36,2.81,0,0,0,0,0,0,0,0,0,1.09,0,0,0,0,0,0,0,0,0.35,0.3
745,339.72543,0.66,9.88,1.57,3.93,0.6,0,0.42,0.1,0.14,0,0,0,0,0,0,0,1.71,0.03,0.04,0,0,0.02,0,0,0,0.21,0.02
746,294.50148,0.31,1.32,2.63,3.85,0.45,0.77,0.67,0,0,0,0,0,0,0,0,0,2.82,0,0,0,0,0,0,0,0,1.01,0
747,301.88793,0.58,1.83,3.45,4.5,0.53,0.95,0.83,0,0,0,0,0,0,0,0,0,3.04,0,0,0,0,0,0,0,0,1.14,0
748,264.40318,0.19,2.34,3.4,5.36,0.47,0.85,0.77,0,0,0,0,0,0,0,0,0,3.38,0,0,0,0,0,0,0,0,0.63,0
749,249.50503,1.31,5.76,2.86,1.97,6.72,2.97,1.22,0,0.17,0,0,0,0,0,0,0,0.8,0,0,0,0,0,0,0,0,0.83,0.67
750,225.0746,0,6.93,3.4,2.14,9.16,3.99,1.34,0,0,0,0,0,0,0,0,0,0.79,0,0,0,0,0,0,0,0,1.12,1.03
751,186.29421,0.12,7.13,2.48,1.59,1.47,0.84,0.97,0,0.08,0,0,0,0,0,0,0,1.11,2.94,0,0,0,0,0,0,0,0.62,0.39
752,297.25104,0.56,4.8,3.67,1.67,0,0.25,1.11,0,0,0,0,0,0,0,0,0,0.95,0,0,0,0,0,0,0,0,0.43,0.27
753,256.46162,0.82,0.89,4.11,2.13,0,0.31,0.99,0,0,0,0,0,0,0,0,0,1.73,0,0,0,0,0,0,0,0,0.85,0.36
754,183.12715,0.33,4.15,5.26,1.08,0,0,2.28,0,0,0,0,0,0,0,0,0,0,0,0,0,0,0,0,0,0,0.43,0
755,181.02314,0.27,9.98,2.3,2.85,4.2,2.5,1.03,0,0.46,0,0,0,0,0,0,0,1.36,0.86,0,0,0,0,0,0,0,0.61,0.7
756,232.45897,0.54,1.16,3.35,2.01,0,0.32,0.91,0,0,0,0,0,0,0,0,0,1.67,0,0,0,0,0,0,0,0,0.63,0.3
757,294.36189,0.23,0.39,4.81,1.28,0.13,0.19,1.17,0,0,0,0,0,0,0,0,0,1.25,0,0,0,0,0,0,0,0,0.75,0.44
758,266.53612,0.45,3.92,3.24,2,0.21,0.36,0.88,0,0,0,0,0,0,0,0,0,2.24,0,0,0,0,0,0,0,0,0.63,0.68
759,289.07206,0.25,1.95,6.81,3.2,0.31,0.49,1.89,0,0.1,0,0,0,0,0,0,0,0.78,0,0,0,0,0,0,0,0,0.47,0.36
760,361.67104,0.7,3.21,7.66,3.63,0.37,0.67,2.08,0.06,0.1,0,0,0,0,0,0,0,0.97,0,0,0,0,0,0,0,0,0.41,0.57
761,190.57554,0.06,2.97,8.67,4.1,0.35,0.62,2.22,0,0,0,0,0,0,0,0,0,0.86,0,0,0,0,0,0,0,0,0.47,0.39
762,86.04704,107.04566,2.7,7.51,3.98,0.39,0.65,1.95,0,0,0,0,0,0,0,0,0,0.79,0,0,0,0,0,0,0,0,0.78,0.34
763,81.44008,105.57704,1.88,6.14,1.92,0,0.29,1.43,0,0,0,0,0,0,0,0,0,0.74,0,0,0,0,0,0,0,0,0.32,0.53
764,79.22656,87.3686,6.94,1.41,0.63,0,1.62,0.27,0,0,0,0,0,0,0,0,0,0.31,0.04,0,0,0.3,0,0,0,0,0.39,0
765,225.66329,0.32,1.54,0.29,0,0.46,0,0.39,0,0,0,0,0,0,0,0,0,0,0,0,0,0,0,0,0,0,0.19,0
766,264.46881,0.54,5.36,1.01,0.78,1.34,0.62,0.24,0,0,0,0,0,0,0,0,0,0.36,0,0,0,0,0,0,0,0,0.2,0
767,267.01185,0,3.37,1.51,4.35,0.94,1.04,0.41,0,0,0,0,0,0,0,0,0,0.5,0.25,0,0,0,0,0,0,0,0.32,0.35
768,281.85645,0.44,2.74,3.85,5.53,0.76,0.92,1.32,0,0,0,0,0,0,0,0,0,0.47,0.2,0,0,0,0,0,0,0,0,0
769,281.20646,0.54,3.59,5.2,4.28,0.57,0.69,1.99,0,0,0,0,0,0,0,0,0,0.44,0.19,0,0,0,0,0,0,0,0,0.28
770,268.05822,0.6,3.48,3,5.58,0.92,1.04,1.02,0,0,0,0,0,0,0,0,0,0.73,0.36,0,0,0,0,0,0,0,0,0
771,172.31495,0.05,3.18,3.72,3.93,0.62,0.87,1.31,0,0,0,0,0,0,0,0,0,0.46,0,0,0,0,0,0,0,0,0,0.23
772,249.99644,0.01,3.99,7,5.47,0.89,1.14,2.83,0.06,0.14,0,0,0,0,0,0,0,0.88,0.41,0,0,0,0,0,0,0,0.07,0.43
773,263.63412,0.51,0.68,0,0.57,2.59,1.69,0,8.07,0,0.27,0,0,0.61,0,0,0,0.23,0.63,0,0,0,0,0.42,0,0,0,0
774,257.20476,0.6,1.39,5.34,1.94,0,0.28,1.74,0,0,0,0,0,0,0,0,0,0.87,0,0,0,0,0,0,0,0,0.24,0
775,248.71089,0.56,8.46,1.33,0.94,1.6,0.58,0.39,0,0,0,0,0,0,0,0,0,0.29,0.56,0,0,0,0,0,0,0,0.22,0
776,285.76403,0.6,7.06,1.21,0.79,1.6,0.63,0.28,0,0,0,0,0,0,0,0,0,0.32,0.37,0,0,0,0,0,0,0,0.37,0
777,274.7567,0.92,7.33,0.93,0.79,1.46,0.59,0,0,0,0,0,0,0,0,0,0,0.3,0.36,0,0,0,0,0,0,0,0.27,0
778,272.53317,0.2,4.25,0.95,1.35,1.78,1.02,0.31,0,0,0,0,0,0,0,0,0,0.4,0.2,0,0,0,0,0,0,0,0.27,0
779,67.00298,119.78438,0,0,0,0,0,0,0,0,0,0,0,0,0,0,0,0,0,0,0,0,0,0,0,0,0,0
780,218.93013,0.37,6.54,1.09,2.37,3.49,1.74,0.33,0,0,0,0,0,0,0,0,0,0.61,0.22,0,0,0,0,0,0,0,0.16,0
781,241.47665,0.46,7.83,1.12,0.35,1.47,0.58,0.3,0,0,0,0,0,0,0,0,0,0.42,0,0,0,0,0,0.44,0,0,0,0
782,220.02087,0.57,6.9,2.98,1.19,0,0.26,0.76,0,0,0,0,0,0,0,0,0,0,0,0,0,0,0,0,0,0,0.44,0
783,236.90778,0.5,9.13,3.01,1.24,0,0.24,0.77,0,0,0,0,0,0,0,0,0,0.23,0,0,0,0,0,0,0,0,0.95,0
784,221.48638,0.39,11.68,2.58,1.44,0.17,0.34,0.77,0,0.04,0,0,0,0,0,0,0,0.28,0,0.07,0,0,0,0,0,0,0.53,0.22
785,272.99313,0.48,9.91,1.48,0.82,0,2.84,0.49,0,0,0,0,0,0,0,0,0,0.6,0.74,0,0,0,0,0,0,0,0.3,0.59
786,227.25286,0.74,1.61,2.54,2.95,0.32,0.53,0.65,0,0,0,0,0,0,0,0,0,1.75,0,0,0,0,0,0,0,0,1.54,0.47
787,201.58795,0.28,1.99,2.48,3.13,0.33,0.47,0.71,0,0,0,0,0,0,0,0,0,2.17,0,0,0,0,0,0,0,0,0.71,0.29
788,236.42704,0.42,8.31,1.46,0.21,0,0.03,0.2,0,0,0,0,0,0,0,0,0,1.15,0.03,0,0,0,0,0,0,0,0.4,0.08
789,227.26624,0.4,1.26,1.88,2.67,0.7,0.71,0.41,0,0,0,0,0,0,0,0,0,0.64,0.42,0,0,0,0,0.31,0,0,0,0
790,281.30639,1.52,1.23,3.86,2.6,0.65,0.67,1.03,0,0,0,0,0,0,0,0,0,0.86,0.72,0,0,0,0,0.62,0,0,0,0
791,194.55843,0.16,1.47,2.17,2.93,1.21,0.96,0.59,0.03,0.12,0,0,0,0,0,0,0,1.06,0.59,0,0,0,0,0.63,0,0,0,0.23
792,206.71006,0.37,2.23,1.56,3.15,0.52,0.67,0.45,0,0,0,0,0,0,0,0,0,0.52,0.18,0,0,0,0,0,0,0,0.41,0.38
793,241.4997,0.47,4.17,1.69,0.52,2.88,1.3,0.58,0,0,0,0,0,0,0,0,0,0.5,0,0,0,0,0,0,0,0,0.29,0.16
794,228.68341,0.46,1.76,5.39,2.23,0.24,0.37,1.9,0,0,0,0,0,0,0,0,0,0.13,0,0,0,0,0,0,0,0,0.87,0.27
795,260.89104,0.5,3.03,5.09,0.86,0.11,0.18,2.28,0,0,0,0,0,0,0,0,0,0.14,0,0,0,0,0,0,0,0,0.43,0
796,160.92151,0.44,0.79,0.34,0.52,1.9,1.38,0.12,6.89,0,0.23,0.16,0,0.52,0,0,0,0.26,0.79,0,0,0,0,0.43,0,0,0.1,0
797,220.36859,0.44,0.86,2.35,1.99,0.49,0.5,0.64,0,0,0,0,0,0,0,0,0,0.65,0.41,0,0,0,0,0.44,0,0,0,0.21
798,167.16034,0.3,1.8,2.92,3.84,0.73,0.75,0.85,0.1,0.12,0,0,0,0,0,0,0,0,0.35,0,0,0,0,0,0,0,0.67,0.52
799,254.51354,0.48,6.78,1.45,1.54,1.55,0.88,0.41,0,0,0,0,0,0,0,0,0,0.48,0,0,0,0,0,0,0,0,0.21,0.24
800,262.93035,0.5,0.67,5.61,1.19,0.15,0.23,1.87,0,0,0,0,0,0,0,0,0,0.96,0,0,0,0,0,0,0,0,0.34,0.25
801,241.20607,0.44,2.73,3.65,3.44,0.31,0.51,0.99,0,0,0,0,0,0,0,0,0,0,0,0,0,0,0,0,0,0,0.69,0.2
802,294.45496,0.72,4.72,4.64,4.42,0.47,0.87,1.22,0.06,0.13,0,0,0,0,0,0,0,0,0,0,0,0,0,0,0,0,0.85,0.21
803,214.99313,0.61,5.94,0.77,0.52,0.87,0.58,0.22,3.37,0.03,0.13,0.1,0,0.31,0,0,0,0.56,0.69,0.05,0,0.04,0,0,0.02,0,0.1,0
804,294.70884,0.33,11.53,3.43,2.22,0.26,0.51,0.62,0,0,0,0,0,0,0,0,0,0.66,0,0,0,0,0,0,1.26,0,0.18,0
805,259.12687,0.49,6.69,2.72,1.34,0.2,0.47,0.66,0,0,0,0,0,0,0,0,0,0.6,0,0,0,0,0,0,0.68,0,0.2,0
806,237.10046,0.68,1.02,9.45,2.12,0.15,0.44,3.05,0,0,0,0,0,0,0,0,0,1.65,0,1.04,0,0.28,0,0,0,0,0.63,0.6
807,224.93966,0.19,0.75,3.71,1.35,0,0.29,1.15,0,0,0,0,0,0,0,0,0,0.64,0,0,0,0,0,0,0,0,0.38,0
808,249.91645,0.32,0.63,4.58,1.21,0.28,0.35,1.63,0,0,0,0,0,0,0,0,0,0.77,0,0,0,0,0,0,0,0,0.56,0.37
809,232.5958,0.39,1.07,0.91,0.26,0.31,0.44,0.57,3.16,0,0,0,0,0.26,0,0,0,0,0.62,0,0,0,0,0,0,0,0.29,0
810,279.86254,0.78,10.4,2.25,1.9,0.28,0,0.44,0.02,0.08,0.01,0.01,0,0,0,0,0,0.73,0.07,0.04,0,0.01,0.01,0,0.75,0,0.11,0
811,329.83511,0.64,8.61,3.29,1.5,0.25,0.29,0.62,0,0,0,0,0,0,0,0,0,0.5,0,0,0,0,0,0,0.84,0,0.29,0
812,296.7107,0.67,5.48,3.03,1.31,0.17,0.3,0.62,0,0.04,0,0,0,0,0,0,0,0.27,0,0,0,0,0,0,0.44,0,0.19,0
813,259.91436,0.42,2.07,3.11,2.72,0.37,0.5,1.08,0,0,0,0,0,0,0,0,0,0,0,0,0,0,0,0,0,0,0.91,0
814,252.99044,0.59,4.14,6.33,4.63,0.39,0.68,1.56,0,0.13,0,0,0,0,0,0,0,0,0,0,0,0,0,0,0,0,1.13,0.26
815,289.09043,0.21,11.93,2.29,1.8,0,0.38,0.57,0,0,0,0,0,0,0,0,0,1.59,0.43,0,0,0,0,0,0,0,0.2,0
816,269.49089,0.59,2.06,2.93,3.68,0.45,0.75,0.76,0,0.14,0,0,0,0,0,0,0,2.36,0.03,0,0,0,0,0,0,0,0.37,0.2
817,285.20182,0.18,8.29,0.61,0.96,1.46,0.81,0,0,0,0,0,0,0,0,0,0,0.85,0,0,0,0,0,0,0,0,0,0
818,9.24743,219.17732,8,0.35,0.46,0.86,0.32,0,0,0,0,0,0,0,0,0,0,0.55,0.55,0,0,0,0,0.27,0,0,0,0
819,10.64,241.39212,4.52,0,0.3,0.44,0,0,0,0,0,0,0,0,0,0,0,0.34,0.37,0,0,0,0,0,0,0,0,0
820,245.36821,0.98,8.94,2.95,1.94,0.48,0.76,1.03,0,0,0,0,0,0,0,0,0,1.76,0.49,0,0,0,0,1.02,0,0,0.77,0
821,198.39665,0.14,1.38,1.18,2.98,0.94,0.83,0.26,0,0,0,0,0,0,0,0,0,0.59,0,0,0,0,0,0,0,0,0.36,0
822,249.20367,0.45,2.86,3.84,2.39,0.25,0.38,1.08,0,0,0,0,0,0,0,0,0,1.46,0,0,0,0,0,0,0,0,0.41,0
823,242.86409,0.55,0.24,4.23,2.58,0.35,0.55,1.17,0,0,0,0,0,0,0,0,0,1.33,0,0,0,0,0,0,0,0,0.37,0.2
824,250.43548,0,0,2.89,1.88,0,0.31,0.83,0,0,0,0,0,0,0,0,0,0.95,0,0,0,0,0,0,0,0,0.18,0
825,893.18507,1.02,5.16,15.64,5.51,0.36,0.63,4.65,0.8,0,0,0,0,0,0,0,0,2.2,0.81,0,0,0,0,0.36,0.47,0,1.27,0.65
826,852.72188,1.3,2.86,17.74,5.64,0.36,0.62,4.91,1.42,0,0,0,0,0,0,0,0,1.4,0.33,0,0,0,0,0,0,0,0.29,1.86
827,951.64196,0,12.15,6.25,10.15,0.79,1.15,1.4,5.33,0,0,0,0,0.28,0,0,0,2.66,0.44,0,0,0,0,0,0,0,0.43,0
828,926.75485,0,6.39,1.56,1.32,0.39,0.41,0.46,2.29,0,0,0,0,0,0,0,0,0,1.28,0,0,0,0,0,0,0,0.18,0
829,959.45357,0,3.63,1.62,1.52,0.46,0.47,0.43,2.94,0,0,0,0,0.24,0,0,0,0,0.34,0,0,0,0,0,0,0,0,0
830,714.73746,1.94694,23.39,5.64,16.07,3.24,3.19,1.12,1.89,0.37,0,0,0,0,0,0,0,1.25,1.42,0,0,0,0,0,0.38,0,0.2,0
831,732.76858,1.72769,16.1,6.75,15.73,1.8,2.42,1.35,2.48,0,0,0,0,0,0,0,0,1.09,0.5,0,0,0,0,0,0,0,0,0
832,759.89419,1.42074,9.17,4.24,16.78,1.75,2.5,0.9,4.55,0.33,0,0,0,0,0,0,0,1.19,1.13,0,0,0,0,0,0,0,0,0
833,759.62232,1.4032,16.38,3.28,16.38,1.14,2.08,0.65,1.15,0.33,0,0,0,0,0,0,0,2.42,0.24,0,0,0,0,0,0,0,0.27,0
834,755.17593,1.48213,5.72,4.51,19.2,2.07,2.89,0.85,3.63,0,0,0,0,0.28,0,0,0,2.36,1.68,0,0,0,0,0,0,0,0,0
835,738.81988,1.45582,5.64,2.81,17.08,2.92,2.88,0.61,0.51,0.39,0,0,0,0,0,0,0,0.68,1.98,0,0,0,0,0,0,0,0,0
836,757.61399,2.4556,10.32,3.95,12.19,1.35,2.35,0.82,14.59,0,0.43,0,0,0.89,0,0,0,1.02,0.88,0,0,0,0,0,0,0,0.21,0
837,760.77119,1.4909,18.92,4.41,13.32,3.05,2.94,0.95,6.35,0,0.33,0,0,0.35,0,0,0,1.07,0.86,0,0,0,0,0,1.04,0,0.31,0
838,773.19828,1.50844,10.39,3.68,19.3,1.38,2.54,0.74,0.83,0.37,0,0,0,0,0,0,0,1.79,0,0,0,0,0,0,0,0,0,0
839,745.2746,1.34181,6.06,5.15,24.52,2.45,3.08,1.06,2.7,0,0,0,0,0,0,0,0,1.8,1.22,0,0,0,0,0,0,0,0,0
840,731.00581,1.48213,10.2,2.26,14.66,2.08,2.18,0.47,0.98,0,0,0,0,0,0,0,0,1.72,1,0,0,0,0,0,0,0,0,0
841,725.37547,1.39443,6.91,2.35,9.4,1.61,1.93,0.46,12.69,0,0,0,0,0.6,0,0,0,1.08,2.45,0,0,0,0,0,0,0,0,0
842,736.61861,1.62245,6.26,1.54,6.01,0.82,1.51,0.3,21.11,0,0.48,0.35,0,1.02,0,0,0,0.39,0,0,0,0,0,0,0,0,0,0
843,808.90459,1.46,2.6,20.89,7.43,0.43,0.76,6.1,0.95,0,0,0,0,0,0,0,0,2.38,0.36,0,0,0,0,0.64,0,0,2.34,1.12
844,779.40068,1.31,11.68,14.07,8.43,0.9,1.2,3.54,0.74,0,0,0,0,0,0,0,0,2.95,0.52,0,0,0,0,1.71,0,0,1.21,2.02
845,823.71631,1.53,2.25,19.3,5.8,0.34,0.57,5.72,1.95,0,0,0,0,0,0,0,0,2.3,0.49,0,0,0,0,1.11,0,0,2.59,0.92
846,787.90855,1.39,2.33,20.61,6.31,0.44,0.7,5.37,2.4,0,0,0,0,0,0,0,0,1.46,0.76,0,0,0,0,0.71,0.67,0,1.2,1.68
847,814.64476,1.27,8.48,15.09,6.01,1.01,1.08,4.29,6.7,0,0,0,0,0.24,0,0,0,2.53,1.85,0,0,0,0,1.05,1.04,0,1.84,1
848,820.51312,1.5,5.01,20.8,8.25,0.63,0.95,7.4,2.38,0,0,0,0,0,0,0,0,3.61,0.57,0,0,0,0,0,0,0,2.64,1.06
849,788.3272,1.3,3.49,12.18,7.92,0.51,0.91,3.09,2.96,0,0,0,0,0,0,0,0,2.69,0,0,0,0,0,1.9,0,0,1.42,0.64
850,747.30047,1.58737,14.18,7.08,19.67,2.01,2.8,1.32,1.43,0,0,0,0,0,0,0,0,1.02,0.63,0,0,0,0,0,0,0,0,0
851,757.14041,1.47336,13.91,3.17,14.77,2.46,2.77,0.64,5.78,0.35,0,0,0,0.33,0,0,0,1.18,0.64,0,0,0,0,0,0,0,0.2,0
852,748.67736,1.45582,9.46,3.11,9.46,0.99,1.94,0.57,21.21,0,0.5,0,0,1.08,0,0,0,0.68,0,0,0,0,0,0,0,0,0,0
853,748.56335,1.5786,21.56,3.29,14.67,3.3,3.24,0.67,6.95,0.29,0.32,0,0,0.38,0,0,0,0.84,1.02,0,0,0,0,0,0.88,0,0.22,0
854,735.42589,1.89432,10.34,3.22,9.54,1.28,2.35,0.65,33.66,0,0.79,0.56,0,1.6,0,0,0,0.74,0,0,0,0,0,0,0,0,0.25,0
855,730.25159,1.30673,7.46,3.23,16.81,2.13,2.86,0.66,10.37,0.3,0.3,0,0,0.57,0,0,0,0.49,0.72,0,0,0,0,0,0,0,0,0
856,727.41888,1.19272,9.57,2.64,12.26,2.06,2.57,0.51,16.44,0,0.43,0,0,0.78,0,0,0,1.21,3.24,0,0,0,0,0,0,0,0,0
857,781.46708,1.24,10.84,36.78,8.63,0.58,0.96,11.21,0.89,0,0,0,0,0,0,0,0,2.77,1.23,0,0,0,0,0.79,0,0,2.48,1.21
858,853.85018,1.45,1.63,13.78,5.75,0.61,0.75,3.55,0.74,0,0,0,0,0,0,0,0,1.21,0.87,0,0,0,0,0,0,0,0.54,0.71
859,837.29396,1.39,6.7,22.03,11.86,0.92,1.5,5.95,2.53,0,0,0,0,0,0,0,0,3.89,0.88,0,0,0,0,0,0,0,2.45,1.81
860,781.91391,1.71294,6.02,11.91,7.87,0.71,1.37,3.1,21.3,0,0.47,0.44,0,0.76,0,0,0,1.24,0.48,0,0,0,0,1.22,0.5,0,1.93,1.02
861,820.90046,1.54,5.42,18.55,12.18,1,1.48,5.74,2.8,0,0,0,0,0,0,0,0,2.76,1.41,0,0,0,0,1.35,0,0,1.07,0.98
862,874.66487,1.3,3.15,14.74,7.03,0.4,0.72,3.65,0.7,0,0,0,0,0,0,0,0,2.01,0,0,0,0,0,0,0,0,1.13,0.76
863,860.34976,0.95,4.52,14.41,6.3,0.45,0.76,5.26,2.1,0,0,0,0,0,0,0,0,2.07,0.49,0,0,0,0,0,0,0,2.96,0
864,845.4607,2.29,2.76,16.87,8.95,1.11,1.26,4.53,1.85,0,0,0,0,0,0,0,0,1.57,0.48,0,0,0,0,1.15,0,0,0.65,0.89
865,994.67309,0,7.05,4.08,4.18,0.62,1.25,0.84,16.16,0,0.38,0.22,0,0.89,0,0,0,1.27,0.61,0,0,0,0,0,0.22,0,0.17,0
866,996.26865,0,3.12,1.24,0.83,0.23,0.37,0.35,4.87,0,0.14,0,0,0.27,0,0,0,0.26,1.24,0,0,0,0,0,0,0,0.15,0
867,968.53801,0.13,17.56,3.4,10.47,1.8,1.98,0.7,3.63,0.26,0.18,0,0,0.19,0,0,0,1.71,0.75,0,0,0,0,0,0,0,0.2,0
868,763.5162,1.74523,10.16,3.54,17.28,2.53,2.88,0.73,2.32,0.36,0,0,0,0,0,0,0,0.71,1.29,0,0,0,0,0,0,0,0,0
